src,dst,WEIGHT
1107,1102,0.2
1107,1101,0.2
1107,1108,0.2
1107,1100,0.2
1107,1106,0.2
1102,1101,0.2
1102,1107,0.2
1102,1100,0.2
1102,1106,0.2
1102,1108,0.2
1101,1102,0.2
1101,1100,0.2
1101,1107,0.2
1101,1106,0.2
1101,1105,0.2
1100,1106,0.2
1100,1101,0.2
1100,1105,0.2
1100,1104,0.2
1100,1102,0.2
1106,1105,0.2
1106,1100,0.2
1106,1104,0.2
1106,1216,0.2
1106,1101,0.2
1105,1106,0.2
1105,1104,0.2
1105,1100,0.2
1105,1216,0.2
1105,1103,0.2
1104,1105,0.2
1104,1103,0.2
1104,1106,0.2
1104,1100,0.2
1104,1095,0.2
1103,1095,0.2
1103,1104,0.2
1103,1094,0.2
1103,1098,0.2
1103,1105,0.2
1095,1094,0.2
1095,1103,0.2
1095,1098,0.2
1095,1104,0.2
1095,1097,0.2
1094,1095,0.2
1094,1098,0.2
1094,1103,0.2
1094,1097,0.2
1094,1104,0.2
1216,1217,0.2
1216,1105,0.2
1216,1106,0.2
1216,1104,0.2
1216,1100,0.2
1098,1094,0.2
1098,1097,0.2
1098,1095,0.2
1098,1103,0.2
1098,1096,0.2
1217,1216,0.2
1217,1218,0.2
1217,1105,0.2
1217,1215,0.2
1217,1106,0.2
1110,1111,0.2
1110,1109,0.2
1110,1112,0.2
1110,1108,0.2
1110,1093,0.2
1109,1108,0.2
1109,1110,0.2
1109,1107,0.2
1109,1111,0.2
1109,1102,0.2
1108,1109,0.2
1108,1107,0.2
1108,1102,0.2
1108,1101,0.2
1108,1110,0.2
1181,1180,0.2
1181,1176,0.2
1181,1121,0.2
1181,1177,0.2
1181,1120,0.2
1069,1116,0.2
1069,1068,0.2
1069,1093,0.2
1069,1076,0.2
1069,1070,0.2
1093,1116,0.2
1093,1069,0.2
1093,1117,0.2
1093,1112,0.2
1093,1076,0.2
1116,1069,0.2
1116,1093,0.2
1116,1076,0.2
1116,1117,0.2
1116,1068,0.2
1112,1093,0.2
1112,1111,0.2
1112,1116,0.2
1112,1117,0.2
1112,1069,0.2
1111,1112,0.2
1111,1110,0.2
1111,1093,0.2
1111,1109,0.2
1111,1117,0.2
1117,1074,0.2
1117,1076,0.2
1117,1116,0.2
1117,1113,0.2
1117,1075,0.2
1113,1074,0.2
1113,1078,0.2
1113,1117,0.2
1113,1114,0.2
1113,1075,0.2
1006,1004,0.2
1006,1007,0.2
1006,974,0.2
1006,1005,0.2
1006,1072,0.2
1007,1072,0.2
1007,1006,0.2
1007,1073,0.2
1007,1004,0.2
1007,1005,0.2
1073,1072,0.2
1073,1070,0.2
1073,1007,0.2
1073,1068,0.2
1073,1071,0.2
1072,1073,0.2
1072,1007,0.2
1072,1070,0.2
1072,1071,0.2
1072,1068,0.2
1068,1070,0.2
1068,1069,0.2
1068,1071,0.2
1068,1073,0.2
1068,1116,0.2
1070,1068,0.2
1070,1071,0.2
1070,1073,0.2
1070,1072,0.2
1070,1069,0.2
1071,1076,0.2
1071,1070,0.2
1071,1077,0.2
1071,1068,0.2
1071,1069,0.2
1076,1071,0.2
1076,1116,0.2
1076,1077,0.2
1076,1117,0.2
1076,1074,0.2
1077,1075,0.2
1077,1076,0.2
1077,1071,0.2
1077,1074,0.2
1077,1081,0.2
1074,1075,0.2
1074,1117,0.2
1074,1113,0.2
1074,1078,0.2
1074,1077,0.2
1075,1078,0.2
1075,1077,0.2
1075,1074,0.2
1075,1081,0.2
1075,1076,0.2
1078,1081,0.2
1078,1075,0.2
1078,1074,0.2
1078,1113,0.2
1078,1079,0.2
1081,1078,0.2
1081,1075,0.2
1081,1079,0.2
1081,1074,0.2
1081,1077,0.2
1119,1083,0.2
1119,1118,0.2
1119,1084,0.2
1119,1115,0.2
1119,1120,0.2
1120,1118,0.2
1120,1119,0.2
1120,1121,0.2
1120,1084,0.2
1120,1122,0.2
1118,1084,0.2
1118,1119,0.2
1118,1083,0.2
1118,1122,0.2
1118,1120,0.2
1121,1176,0.2
1121,1180,0.2
1121,1120,0.2
1121,1181,0.2
1121,1177,0.2
1180,1176,0.2
1180,1181,0.2
1180,1121,0.2
1180,1177,0.2
1180,1120,0.2
1176,1180,0.2
1176,1121,0.2
1176,1177,0.2
1176,1181,0.2
1176,1120,0.2
1079,1082,0.2
1079,1114,0.2
1079,1080,0.2
1079,1078,0.2
1079,1081,0.2
1114,1079,0.2
1114,1115,0.2
1114,1113,0.2
1114,1080,0.2
1114,1078,0.2
1082,1080,0.2
1082,1079,0.2
1082,1086,0.2
1082,1081,0.2
1082,1114,0.2
1080,1082,0.2
1080,1079,0.2
1080,1086,0.2
1080,1115,0.2
1080,1114,0.2
1115,1083,0.2
1115,1119,0.2
1115,1114,0.2
1115,1080,0.2
1115,1084,0.2
1086,1087,0.2
1086,1085,0.2
1086,1080,0.2
1086,1014,0.2
1086,1083,0.2
1083,1119,0.2
1083,1084,0.2
1083,1085,0.2
1083,1118,0.2
1083,1115,0.2
1015,1013,0.2
1015,1014,0.2
1015,1016,0.2
1015,1022,0.2
1015,1026,0.2
1087,1085,0.2
1087,1086,0.2
1087,1014,0.2
1087,1026,0.2
1087,1083,0.2
1014,1087,0.2
1014,1026,0.2
1014,1015,0.2
1014,1086,0.2
1014,1085,0.2
1085,1087,0.2
1085,1083,0.2
1085,1086,0.2
1085,1084,0.2
1085,1026,0.2
1084,1118,0.2
1084,1083,0.2
1084,1119,0.2
1084,1085,0.2
1084,1122,0.2
1026,1087,0.2
1026,1014,0.2
1026,1085,0.2
1026,1086,0.2
1026,1027,0.2
1122,1118,0.2
1122,1084,0.2
1122,1124,0.2
1122,1119,0.2
1122,1083,0.2
1027,1026,0.2
1027,1028,0.2
1027,1124,0.2
1027,1122,0.2
1027,1087,0.2
1097,1098,0.2
1097,1096,0.2
1097,1094,0.2
1097,1099,0.2
1097,1095,0.2
1096,1099,0.2
1096,1097,0.2
1096,1256,0.2
1096,1252,0.2
1096,1098,0.2
1099,1256,0.2
1099,1252,0.2
1099,1096,0.2
1099,1254,0.2
1099,1253,0.2
1256,1099,0.2
1256,1253,0.2
1256,1252,0.2
1256,1255,0.2
1256,1254,0.2
1255,1253,0.2
1255,1212,0.2
1255,1256,0.2
1255,1099,0.2
1255,1252,0.2
1211,1213,0.2
1211,1215,0.2
1211,1212,0.2
1211,1214,0.2
1211,1255,0.2
1252,1254,0.2
1252,1281,0.2
1252,1099,0.2
1252,1256,0.2
1252,1253,0.2
1212,1255,0.2
1212,1211,0.2
1212,1253,0.2
1212,1213,0.2
1212,1256,0.2
1253,1255,0.2
1253,1256,0.2
1253,1254,0.2
1253,1252,0.2
1253,1212,0.2
1254,1252,0.2
1254,1281,0.2
1254,1253,0.2
1254,1256,0.2
1254,1099,0.2
1281,1254,0.2
1281,1252,0.2
1281,1283,0.2
1281,1099,0.2
1281,1282,0.2
1283,1281,0.2
1283,1282,0.2
1283,1254,0.2
1283,1222,0.2
1283,1252,0.2
1224,1223,0.2
1224,1221,0.2
1224,1214,0.2
1224,1212,0.2
1224,1220,0.2
1282,1222,0.2
1282,1283,0.2
1282,1287,0.2
1282,1281,0.2
1282,1223,0.2
1223,1224,0.2
1223,1222,0.2
1223,1282,0.2
1223,1287,0.2
1223,1253,0.2
1218,1215,0.2
1218,1217,0.2
1218,1211,0.2
1218,1213,0.2
1218,1212,0.2
1215,1211,0.2
1215,1213,0.2
1215,1218,0.2
1215,1212,0.2
1215,1214,0.2
1213,1211,0.2
1213,1214,0.2
1213,1215,0.2
1213,1221,0.2
1213,1187,0.2
1189,1186,0.2
1189,1188,0.2
1189,1182,0.2
1189,1178,0.2
1189,1127,0.2
1214,1221,0.2
1214,1187,0.2
1214,1213,0.2
1214,1211,0.2
1214,1224,0.2
1188,1189,0.2
1188,1187,0.2
1188,1214,0.2
1188,1186,0.2
1188,1213,0.2
1187,1214,0.2
1187,1221,0.2
1187,1188,0.2
1187,1213,0.2
1187,1211,0.2
1221,1214,0.2
1221,1224,0.2
1221,1187,0.2
1221,1213,0.2
1221,1211,0.2
1222,1282,0.2
1222,1287,0.2
1222,1223,0.2
1222,1283,0.2
1222,1286,0.2
1287,1222,0.2
1287,1282,0.2
1287,1286,0.2
1287,1258,0.2
1287,1283,0.2
1286,1258,0.2
1286,1287,0.2
1286,1284,0.2
1286,1222,0.2
1286,1282,0.2
1219,1220,0.2
1219,1259,0.2
1219,1221,0.2
1219,1257,0.2
1219,1260,0.2
1220,1259,0.2
1220,1219,0.2
1220,1257,0.2
1220,1260,0.2
1220,1224,0.2
1257,1259,0.2
1257,1220,0.2
1257,1258,0.2
1257,1260,0.2
1257,1284,0.2
1258,1284,0.2
1258,1286,0.2
1258,1257,0.2
1258,1287,0.2
1258,1285,0.2
1259,1220,0.2
1259,1257,0.2
1259,1260,0.2
1259,1261,0.2
1259,1219,0.2
1284,1258,0.2
1284,1286,0.2
1284,1285,0.2
1284,1262,0.2
1284,1257,0.2
1260,1261,0.2
1260,1263,0.2
1260,1259,0.2
1260,1220,0.2
1260,1257,0.2
1285,1262,0.2
1285,1284,0.2
1285,1273,0.2
1285,1258,0.2
1285,1261,0.2
1261,1260,0.2
1261,1263,0.2
1261,1262,0.2
1261,1259,0.2
1261,1285,0.2
1262,1285,0.2
1262,1273,0.2
1262,1261,0.2
1262,1284,0.2
1262,1260,0.2
1263,1261,0.2
1263,1260,0.2
1263,1259,0.2
1263,1262,0.2
1263,1220,0.2
1191,1190,0.2
1191,1146,0.2
1191,1141,0.2
1191,1184,0.2
1191,1138,0.2
1273,1262,0.2
1273,1285,0.2
1273,1274,0.2
1273,1261,0.2
1273,1284,0.2
1177,1176,0.2
1177,1179,0.2
1177,1180,0.2
1177,1121,0.2
1177,1181,0.2
1179,1178,0.2
1179,1177,0.2
1179,1127,0.2
1179,1186,0.2
1179,1128,0.2
1178,1127,0.2
1178,1186,0.2
1178,1182,0.2
1178,1179,0.2
1178,1128,0.2
1126,1129,0.2
1126,1125,0.2
1126,1128,0.2
1126,1123,0.2
1126,1130,0.2
1128,1126,0.2
1128,1127,0.2
1128,1178,0.2
1128,1129,0.2
1128,1125,0.2
1127,1178,0.2
1127,1182,0.2
1127,1186,0.2
1127,1128,0.2
1127,1179,0.2
1186,1182,0.2
1186,1178,0.2
1186,1189,0.2
1186,1127,0.2
1186,1183,0.2
1182,1186,0.2
1182,1127,0.2
1182,1183,0.2
1182,1178,0.2
1182,1189,0.2
1124,1123,0.2
1124,1122,0.2
1124,1027,0.2
1124,1118,0.2
1124,1084,0.2
1028,1029,0.2
1028,1030,0.2
1028,1027,0.2
1028,1031,0.2
1028,1123,0.2
1123,1124,0.2
1123,1125,0.2
1123,1028,0.2
1123,1126,0.2
1123,1029,0.2
1029,1030,0.2
1029,1028,0.2
1029,1031,0.2
1029,1032,0.2
1029,1125,0.2
1030,1029,0.2
1030,1031,0.2
1030,1032,0.2
1030,1028,0.2
1030,1025,0.2
1031,1032,0.2
1031,1030,0.2
1031,1029,0.2
1031,1025,0.2
1031,1028,0.2
1125,1126,0.2
1125,1123,0.2
1125,1129,0.2
1125,1128,0.2
1125,1029,0.2
1032,1031,0.2
1032,1025,0.2
1032,1030,0.2
1032,1023,0.2
1032,1029,0.2
1025,1023,0.2
1025,1032,0.2
1025,1041,0.2
1025,1024,0.2
1025,1031,0.2
1129,1126,0.2
1129,1125,0.2
1129,1130,0.2
1129,1128,0.2
1129,1123,0.2
1041,1023,0.2
1041,1025,0.2
1041,1042,0.2
1041,1024,0.2
1041,1040,0.2
1130,1131,0.2
1130,1129,0.2
1130,1044,0.2
1130,1126,0.2
1130,1045,0.2
1183,1185,0.2
1183,1182,0.2
1183,1186,0.2
1183,1127,0.2
1183,1189,0.2
1042,1040,0.2
1042,1043,0.2
1042,1041,0.2
1042,1039,0.2
1042,1045,0.2
1040,1042,0.2
1040,1039,0.2
1040,1043,0.2
1040,1033,0.2
1040,1000,0.2
1131,1044,0.2
1131,1137,0.2
1131,1132,0.2
1131,1130,0.2
1131,1045,0.2
1043,1042,0.2
1043,1040,0.2
1043,1045,0.2
1043,1039,0.2
1043,1041,0.2
1185,1184,0.2
1185,1183,0.2
1185,1138,0.2
1185,1139,0.2
1185,1190,0.2
1045,1043,0.2
1045,1044,0.2
1045,1131,0.2
1045,1042,0.2
1045,1040,0.2
1044,1131,0.2
1044,1132,0.2
1044,1045,0.2
1044,1137,0.2
1044,1130,0.2
1137,1132,0.2
1137,1131,0.2
1137,1139,0.2
1137,1044,0.2
1137,1134,0.2
1184,1138,0.2
1184,1190,0.2
1184,1185,0.2
1184,1139,0.2
1184,1191,0.2
1139,1138,0.2
1139,1137,0.2
1139,1132,0.2
1139,1184,0.2
1139,1185,0.2
1132,1137,0.2
1132,1044,0.2
1132,1134,0.2
1132,1131,0.2
1132,1139,0.2
1138,1184,0.2
1138,1190,0.2
1138,1139,0.2
1138,1140,0.2
1138,1185,0.2
1190,1184,0.2
1190,1191,0.2
1190,1138,0.2
1190,1146,0.2
1190,1140,0.2
1134,1133,0.2
1134,1132,0.2
1134,1137,0.2
1134,1139,0.2
1134,1044,0.2
916,971,0.2
916,973,0.2
916,917,0.2
916,972,0.2
916,974,0.2
917,918,0.2
917,916,0.2
917,971,0.2
917,919,0.2
917,973,0.2
973,971,0.2
973,974,0.2
973,916,0.2
973,972,0.2
973,1004,0.2
918,919,0.2
918,917,0.2
918,915,0.2
918,916,0.2
918,910,0.2
974,1004,0.2
974,1006,0.2
974,973,0.2
974,1005,0.2
974,971,0.2
919,918,0.2
919,915,0.2
919,910,0.2
919,832,0.2
919,917,0.2
971,973,0.2
971,916,0.2
971,972,0.2
971,974,0.2
971,975,0.2
1004,1006,0.2
1004,974,0.2
1004,1005,0.2
1004,1007,0.2
1004,976,0.2
972,975,0.2
972,977,0.2
972,971,0.2
972,973,0.2
972,976,0.2
1005,976,0.2
1005,1004,0.2
1005,1008,0.2
1005,1006,0.2
1005,1007,0.2
975,977,0.2
975,972,0.2
975,976,0.2
975,1005,0.2
975,1008,0.2
976,1005,0.2
976,1008,0.2
976,975,0.2
976,1004,0.2
976,1012,0.2
977,975,0.2
977,978,0.2
977,972,0.2
977,976,0.2
977,1008,0.2
1008,976,0.2
1008,1005,0.2
1008,1012,0.2
1008,975,0.2
1008,1004,0.2
978,977,0.2
978,981,0.2
978,975,0.2
978,980,0.2
978,982,0.2
1012,1011,0.2
1012,1008,0.2
1012,976,0.2
1012,1010,0.2
1012,1005,0.2
1011,1010,0.2
1011,1012,0.2
1011,1009,0.2
1011,1021,0.2
1011,979,0.2
981,980,0.2
981,979,0.2
981,978,0.2
981,982,0.2
981,1009,0.2
1010,1009,0.2
1010,1011,0.2
1010,1021,0.2
1010,979,0.2
1010,1022,0.2
980,979,0.2
980,981,0.2
980,1021,0.2
980,1009,0.2
980,1022,0.2
1009,1021,0.2
1009,1010,0.2
1009,979,0.2
1009,1011,0.2
1009,1022,0.2
979,980,0.2
979,1021,0.2
979,1009,0.2
979,981,0.2
979,1022,0.2
1021,1009,0.2
1021,979,0.2
1021,1022,0.2
1021,1010,0.2
1021,980,0.2
1022,1013,0.2
1022,987,0.2
1022,1021,0.2
1022,1016,0.2
1022,1009,0.2
987,1022,0.2
987,1016,0.2
987,1013,0.2
987,1021,0.2
987,986,0.2
1013,1022,0.2
1013,1016,0.2
1013,1015,0.2
1013,987,0.2
1013,1021,0.2
1016,1013,0.2
1016,987,0.2
1016,1022,0.2
1016,1018,0.2
1016,1015,0.2
982,984,0.2
982,983,0.2
982,981,0.2
982,980,0.2
982,978,0.2
984,982,0.2
984,983,0.2
984,985,0.2
984,988,0.2
984,920,0.2
983,984,0.2
983,985,0.2
983,982,0.2
983,920,0.2
983,988,0.2
985,920,0.2
985,988,0.2
985,983,0.2
985,922,0.2
985,924,0.2
986,989,0.2
986,988,0.2
986,987,0.2
986,980,0.2
986,985,0.2
988,985,0.2
988,920,0.2
988,989,0.2
988,924,0.2
988,986,0.2
920,985,0.2
920,924,0.2
920,922,0.2
920,988,0.2
920,983,0.2
922,924,0.2
922,920,0.2
922,921,0.2
922,985,0.2
922,927,0.2
989,988,0.2
989,986,0.2
989,991,0.2
989,920,0.2
989,985,0.2
924,920,0.2
924,922,0.2
924,926,0.2
924,988,0.2
924,985,0.2
926,925,0.2
926,924,0.2
926,929,0.2
926,922,0.2
926,991,0.2
991,990,0.2
991,989,0.2
991,940,0.2
991,926,0.2
991,992,0.2
915,910,0.2
915,919,0.2
915,832,0.2
915,918,0.2
915,911,0.2
832,910,0.2
832,915,0.2
832,833,0.2
832,911,0.2
832,919,0.2
833,832,0.2
833,834,0.2
833,910,0.2
833,835,0.2
833,911,0.2
910,832,0.2
910,915,0.2
910,911,0.2
910,833,0.2
910,919,0.2
834,835,0.2
834,833,0.2
834,836,0.2
834,832,0.2
834,837,0.2
835,836,0.2
835,834,0.2
835,837,0.2
835,833,0.2
835,838,0.2
911,913,0.2
911,910,0.2
911,832,0.2
911,833,0.2
911,915,0.2
836,835,0.2
836,837,0.2
836,834,0.2
836,838,0.2
836,833,0.2
837,836,0.2
837,838,0.2
837,835,0.2
837,839,0.2
837,834,0.2
913,911,0.2
913,912,0.2
913,910,0.2
913,914,0.2
913,832,0.2
912,914,0.2
912,913,0.2
912,923,0.2
912,828,0.2
912,921,0.2
914,923,0.2
914,828,0.2
914,921,0.2
914,912,0.2
914,927,0.2
828,923,0.2
828,914,0.2
828,829,0.2
828,927,0.2
828,921,0.2
923,927,0.2
923,828,0.2
923,921,0.2
923,914,0.2
923,829,0.2
921,927,0.2
921,923,0.2
921,922,0.2
921,914,0.2
921,828,0.2
829,828,0.2
829,830,0.2
829,914,0.2
829,923,0.2
829,824,0.2
927,921,0.2
927,923,0.2
927,929,0.2
927,828,0.2
927,914,0.2
929,928,0.2
929,927,0.2
929,926,0.2
929,921,0.2
929,923,0.2
838,837,0.2
838,839,0.2
838,836,0.2
838,840,0.2
838,835,0.2
839,840,0.2
839,838,0.2
839,831,0.2
839,827,0.2
839,830,0.2
840,831,0.2
840,827,0.2
840,839,0.2
840,729,0.2
840,819,0.2
830,827,0.2
830,829,0.2
830,824,0.2
830,831,0.2
830,825,0.2
827,831,0.2
827,819,0.2
827,840,0.2
827,830,0.2
827,729,0.2
831,827,0.2
831,729,0.2
831,819,0.2
831,840,0.2
831,826,0.2
729,831,0.2
729,819,0.2
729,827,0.2
729,730,0.2
729,826,0.2
819,826,0.2
819,831,0.2
819,729,0.2
819,827,0.2
819,825,0.2
824,821,0.2
824,825,0.2
824,826,0.2
824,819,0.2
824,827,0.2
730,731,0.2
730,729,0.2
730,831,0.2
730,819,0.2
730,826,0.2
825,826,0.2
825,824,0.2
825,819,0.2
825,821,0.2
825,827,0.2
1018,1017,0.2
1018,1016,0.2
1018,1013,0.2
1018,987,0.2
1018,1022,0.2
990,940,0.2
990,992,0.2
990,991,0.2
990,939,0.2
990,994,0.2
1017,1018,0.2
1017,1020,0.2
1017,992,0.2
1017,1031,0.2
1017,990,0.2
940,990,0.2
940,992,0.2
940,939,0.2
940,994,0.2
940,991,0.2
992,940,0.2
992,990,0.2
992,994,0.2
992,939,0.2
992,991,0.2
1020,1017,0.2
1020,1019,0.2
1020,1032,0.2
1020,1031,0.2
1020,994,0.2
994,992,0.2
994,940,0.2
994,993,0.2
994,990,0.2
994,1020,0.2
1019,1024,0.2
1019,998,0.2
1019,1020,0.2
1019,1023,0.2
1019,997,0.2
993,997,0.2
993,996,0.2
993,994,0.2
993,998,0.2
993,1019,0.2
928,930,0.2
928,931,0.2
928,929,0.2
928,925,0.2
928,926,0.2
925,939,0.2
925,930,0.2
925,926,0.2
925,928,0.2
925,931,0.2
930,931,0.2
930,925,0.2
930,928,0.2
930,939,0.2
930,932,0.2
939,925,0.2
939,940,0.2
939,930,0.2
939,990,0.2
939,992,0.2
931,930,0.2
931,932,0.2
931,928,0.2
931,822,0.2
931,823,0.2
932,822,0.2
932,931,0.2
932,933,0.2
932,930,0.2
932,823,0.2
822,932,0.2
822,931,0.2
822,823,0.2
822,933,0.2
822,930,0.2
933,932,0.2
933,822,0.2
933,938,0.2
933,931,0.2
933,823,0.2
1023,1025,0.2
1023,1041,0.2
1023,1024,0.2
1023,1019,0.2
1023,1032,0.2
1024,1019,0.2
1024,1023,0.2
1024,998,0.2
1024,1025,0.2
1024,1041,0.2
997,996,0.2
997,993,0.2
997,998,0.2
997,1019,0.2
997,995,0.2
998,1019,0.2
998,1024,0.2
998,997,0.2
998,996,0.2
998,993,0.2
938,937,0.2
938,933,0.2
938,936,0.2
938,935,0.2
938,932,0.2
996,997,0.2
996,995,0.2
996,993,0.2
996,998,0.2
996,934,0.2
937,936,0.2
937,938,0.2
937,935,0.2
937,933,0.2
937,934,0.2
995,934,0.2
995,999,0.2
995,996,0.2
995,935,0.2
995,1000,0.2
936,937,0.2
936,935,0.2
936,938,0.2
936,934,0.2
936,995,0.2
935,934,0.2
935,936,0.2
935,995,0.2
935,937,0.2
935,999,0.2
934,995,0.2
934,935,0.2
934,999,0.2
934,996,0.2
934,936,0.2
999,995,0.2
999,934,0.2
999,1000,0.2
999,996,0.2
999,1033,0.2
1000,1033,0.2
1000,1039,0.2
1000,999,0.2
1000,995,0.2
1000,1040,0.2
1039,1033,0.2
1039,1040,0.2
1039,1000,0.2
1039,1042,0.2
1039,1043,0.2
1033,1039,0.2
1033,1000,0.2
1033,1034,0.2
1033,1040,0.2
1033,999,0.2
1034,1036,0.2
1034,1033,0.2
1034,1039,0.2
1034,1000,0.2
1034,1040,0.2
821,824,0.2
821,825,0.2
821,820,0.2
821,826,0.2
821,819,0.2
826,825,0.2
826,819,0.2
826,824,0.2
826,729,0.2
826,827,0.2
731,732,0.2
731,730,0.2
731,733,0.2
731,729,0.2
731,831,0.2
732,731,0.2
732,733,0.2
732,730,0.2
732,734,0.2
732,729,0.2
733,732,0.2
733,734,0.2
733,731,0.2
733,728,0.2
733,735,0.2
820,821,0.2
820,823,0.2
820,824,0.2
820,825,0.2
820,826,0.2
823,822,0.2
823,931,0.2
823,820,0.2
823,932,0.2
823,928,0.2
741,742,0.2
741,740,0.2
741,738,0.2
741,745,0.2
741,739,0.2
740,741,0.2
740,745,0.2
740,742,0.2
740,744,0.2
740,743,0.2
745,744,0.2
745,743,0.2
745,740,0.2
745,741,0.2
745,742,0.2
1274,1273,0.2
1274,1275,0.2
1274,1262,0.2
1274,1285,0.2
1274,1261,0.2
1275,1272,0.2
1275,1274,0.2
1275,1270,0.2
1275,1280,0.2
1275,1279,0.2
1272,1280,0.2
1272,1270,0.2
1272,1279,0.2
1272,1275,0.2
1272,1264,0.2
1160,1225,0.2
1160,1228,0.2
1160,1161,0.2
1160,1226,0.2
1160,1227,0.2
1228,1225,0.2
1228,1227,0.2
1228,1160,0.2
1228,1229,0.2
1228,1226,0.2
1161,1162,0.2
1161,1160,0.2
1161,1143,0.2
1161,1142,0.2
1161,1144,0.2
1227,1229,0.2
1227,1228,0.2
1227,1237,0.2
1227,1225,0.2
1227,1276,0.2
1237,1276,0.2
1237,1229,0.2
1237,1279,0.2
1237,1227,0.2
1237,1277,0.2
1279,1276,0.2
1279,1280,0.2
1279,1237,0.2
1279,1278,0.2
1279,1272,0.2
1280,1279,0.2
1280,1272,0.2
1280,1264,0.2
1280,1270,0.2
1280,1276,0.2
1270,1264,0.2
1270,1272,0.2
1270,1280,0.2
1270,1271,0.2
1270,1279,0.2
1271,1270,0.2
1271,1264,0.2
1271,1272,0.2
1271,1280,0.2
1271,1265,0.2
1276,1279,0.2
1276,1278,0.2
1276,1277,0.2
1276,1237,0.2
1276,1280,0.2
1225,1228,0.2
1225,1160,0.2
1225,1226,0.2
1225,1227,0.2
1225,1229,0.2
1229,1227,0.2
1229,1237,0.2
1229,1277,0.2
1229,1231,0.2
1229,1276,0.2
1264,1270,0.2
1264,1280,0.2
1264,1272,0.2
1264,1265,0.2
1264,1271,0.2
1278,1277,0.2
1278,1276,0.2
1278,1279,0.2
1278,1237,0.2
1278,1229,0.2
1277,1278,0.2
1277,1276,0.2
1277,1231,0.2
1277,1229,0.2
1277,1237,0.2
1265,1264,0.2
1265,1267,0.2
1265,1270,0.2
1265,1271,0.2
1265,1278,0.2
1267,1266,0.2
1267,1265,0.2
1267,1268,0.2
1267,1264,0.2
1267,1232,0.2
1232,1242,0.2
1232,1235,0.2
1232,1233,0.2
1232,1241,0.2
1232,1243,0.2
1266,1267,0.2
1266,1268,0.2
1266,1269,0.2
1266,1265,0.2
1266,1235,0.2
1226,1239,0.2
1226,1245,0.2
1226,1225,0.2
1226,1231,0.2
1226,1240,0.2
1231,1277,0.2
1231,1229,0.2
1231,1233,0.2
1231,1278,0.2
1231,1226,0.2
1239,1245,0.2
1239,1240,0.2
1239,1226,0.2
1239,1246,0.2
1239,1238,0.2
1245,1239,0.2
1245,1246,0.2
1245,1226,0.2
1245,1240,0.2
1245,1241,0.2
1233,1231,0.2
1233,1232,0.2
1233,1241,0.2
1233,1245,0.2
1233,1246,0.2
1240,1238,0.2
1240,1246,0.2
1240,1239,0.2
1240,1245,0.2
1240,1193,0.2
1246,1240,0.2
1246,1238,0.2
1246,1241,0.2
1246,1245,0.2
1246,1239,0.2
1238,1240,0.2
1238,1246,0.2
1238,1192,0.2
1238,1193,0.2
1238,1239,0.2
1241,1246,0.2
1241,1245,0.2
1241,1238,0.2
1241,1242,0.2
1241,1240,0.2
1193,1192,0.2
1193,1194,0.2
1193,1238,0.2
1193,1195,0.2
1193,1240,0.2
1192,1193,0.2
1192,1238,0.2
1192,1194,0.2
1192,1197,0.2
1192,1240,0.2
1194,1195,0.2
1194,1197,0.2
1194,1193,0.2
1194,1192,0.2
1194,1198,0.2
1140,1146,0.2
1140,1138,0.2
1140,1190,0.2
1140,1141,0.2
1140,1145,0.2
1146,1141,0.2
1146,1140,0.2
1146,1145,0.2
1146,1190,0.2
1146,1191,0.2
1141,1145,0.2
1141,1146,0.2
1141,1144,0.2
1141,1143,0.2
1141,1191,0.2
1145,1141,0.2
1145,1144,0.2
1145,1143,0.2
1145,1146,0.2
1145,1142,0.2
1144,1143,0.2
1144,1145,0.2
1144,1142,0.2
1144,1141,0.2
1144,1150,0.2
1143,1144,0.2
1143,1142,0.2
1143,1145,0.2
1143,1150,0.2
1143,1162,0.2
1142,1143,0.2
1142,1150,0.2
1142,1144,0.2
1142,1162,0.2
1142,1145,0.2
1150,1149,0.2
1150,1142,0.2
1150,1148,0.2
1150,1147,0.2
1150,1143,0.2
1149,1148,0.2
1149,1150,0.2
1149,1147,0.2
1149,1159,0.2
1149,1142,0.2
1148,1149,0.2
1148,1147,0.2
1148,1150,0.2
1148,1159,0.2
1148,1157,0.2
1147,1148,0.2
1147,1157,0.2
1147,1159,0.2
1147,1149,0.2
1147,1150,0.2
1162,1161,0.2
1162,1159,0.2
1162,1142,0.2
1162,1143,0.2
1162,1150,0.2
1159,1147,0.2
1159,1157,0.2
1159,1162,0.2
1159,1148,0.2
1159,1149,0.2
1157,1147,0.2
1157,1158,0.2
1157,1159,0.2
1157,1148,0.2
1157,1135,0.2
1133,1134,0.2
1133,1136,0.2
1133,1140,0.2
1133,1132,0.2
1133,1135,0.2
1136,1133,0.2
1136,1135,0.2
1136,1148,0.2
1136,1158,0.2
1136,1047,0.2
1135,1158,0.2
1135,1047,0.2
1135,1151,0.2
1135,1136,0.2
1135,1157,0.2
1158,1135,0.2
1158,1151,0.2
1158,1157,0.2
1158,1047,0.2
1158,1147,0.2
1047,1151,0.2
1047,1135,0.2
1047,1158,0.2
1047,1048,0.2
1047,1157,0.2
1048,1047,0.2
1048,1049,0.2
1048,1135,0.2
1048,1151,0.2
1048,1158,0.2
1049,1046,0.2
1049,1048,0.2
1049,1037,0.2
1049,1050,0.2
1049,1003,0.2
1151,1158,0.2
1151,1047,0.2
1151,1152,0.2
1151,1135,0.2
1151,1157,0.2
1152,1154,0.2
1152,1151,0.2
1152,1158,0.2
1152,1047,0.2
1152,1157,0.2
1154,1152,0.2
1154,1153,0.2
1154,1156,0.2
1154,1151,0.2
1154,1158,0.2
1153,1156,0.2
1153,1154,0.2
1153,1155,0.2
1153,1152,0.2
1153,1206,0.2
1195,1194,0.2
1195,1198,0.2
1195,1204,0.2
1195,1197,0.2
1195,1193,0.2
1204,1205,0.2
1204,1195,0.2
1204,1198,0.2
1204,1194,0.2
1204,1206,0.2
1235,1243,0.2
1235,1232,0.2
1235,1234,0.2
1235,1242,0.2
1235,1244,0.2
1268,1269,0.2
1268,1266,0.2
1268,1267,0.2
1268,1234,0.2
1268,1235,0.2
1234,1230,0.2
1234,1244,0.2
1234,1236,0.2
1234,1235,0.2
1234,1243,0.2
1269,1268,0.2
1269,1266,0.2
1269,1234,0.2
1269,1230,0.2
1269,1251,0.2
1230,1236,0.2
1230,1234,0.2
1230,1244,0.2
1230,1247,0.2
1230,1208,0.2
1251,1250,0.2
1251,1249,0.2
1251,1248,0.2
1251,1269,0.2
1251,1171,0.2
1250,1249,0.2
1250,1251,0.2
1250,1171,0.2
1250,1248,0.2
1250,1247,0.2
1242,1241,0.2
1242,1243,0.2
1242,1232,0.2
1242,1235,0.2
1242,1246,0.2
1197,1196,0.2
1197,1194,0.2
1197,1198,0.2
1197,1195,0.2
1197,1192,0.2
1198,1196,0.2
1198,1197,0.2
1198,1195,0.2
1198,1204,0.2
1198,1194,0.2
1196,1198,0.2
1196,1197,0.2
1196,1199,0.2
1196,1194,0.2
1196,1195,0.2
1243,1235,0.2
1243,1244,0.2
1243,1242,0.2
1243,1234,0.2
1243,1208,0.2
1199,1196,0.2
1199,1198,0.2
1199,1201,0.2
1199,1200,0.2
1199,1197,0.2
1244,1236,0.2
1244,1208,0.2
1244,1230,0.2
1244,1234,0.2
1244,1247,0.2
1207,1200,0.2
1207,1210,0.2
1207,1209,0.2
1207,1202,0.2
1207,1201,0.2
1209,1208,0.2
1209,1207,0.2
1209,1244,0.2
1209,1247,0.2
1209,1200,0.2
1236,1230,0.2
1236,1247,0.2
1236,1244,0.2
1236,1208,0.2
1236,1234,0.2
1208,1244,0.2
1208,1247,0.2
1208,1236,0.2
1208,1209,0.2
1208,1230,0.2
1247,1236,0.2
1247,1208,0.2
1247,1248,0.2
1247,1230,0.2
1247,1244,0.2
1248,1247,0.2
1248,1249,0.2
1248,1236,0.2
1248,1171,0.2
1248,1208,0.2
1249,1171,0.2
1249,1248,0.2
1249,1250,0.2
1249,1247,0.2
1249,1172,0.2
1171,1249,0.2
1171,1172,0.2
1171,1248,0.2
1171,1250,0.2
1171,1247,0.2
1172,1173,0.2
1172,1171,0.2
1172,1249,0.2
1172,1248,0.2
1172,1174,0.2
1173,1172,0.2
1173,1174,0.2
1173,1175,0.2
1173,1171,0.2
1173,1207,0.2
1205,1206,0.2
1205,1204,0.2
1205,1203,0.2
1205,1195,0.2
1205,1198,0.2
1206,1205,0.2
1206,1203,0.2
1206,1204,0.2
1206,1201,0.2
1206,1199,0.2
1203,1201,0.2
1203,1206,0.2
1203,1202,0.2
1203,1205,0.2
1203,1199,0.2
1201,1203,0.2
1201,1202,0.2
1201,1200,0.2
1201,1199,0.2
1201,1210,0.2
1202,1201,0.2
1202,1210,0.2
1202,1200,0.2
1202,1169,0.2
1202,1203,0.2
1200,1210,0.2
1200,1201,0.2
1200,1202,0.2
1200,1207,0.2
1200,1199,0.2
1168,1163,0.2
1168,1164,0.2
1168,1088,0.2
1168,1089,0.2
1168,1169,0.2
1169,1202,0.2
1169,1210,0.2
1169,1168,0.2
1169,1201,0.2
1169,1200,0.2
1210,1200,0.2
1210,1202,0.2
1210,1207,0.2
1210,1169,0.2
1210,1201,0.2
1156,1153,0.2
1156,1155,0.2
1156,1163,0.2
1156,1088,0.2
1156,1164,0.2
1155,1163,0.2
1155,1088,0.2
1155,1164,0.2
1155,1156,0.2
1155,1089,0.2
1163,1164,0.2
1163,1088,0.2
1163,1089,0.2
1163,1155,0.2
1163,1168,0.2
1088,1089,0.2
1088,1163,0.2
1088,1164,0.2
1088,1062,0.2
1088,1155,0.2
1062,1089,0.2
1062,1088,0.2
1062,1063,0.2
1062,1164,0.2
1062,1163,0.2
1063,1062,0.2
1063,1064,0.2
1063,1089,0.2
1063,1088,0.2
1063,1061,0.2
1064,1063,0.2
1064,1061,0.2
1064,1057,0.2
1064,1056,0.2
1064,1062,0.2
1164,1163,0.2
1164,1089,0.2
1164,1088,0.2
1164,1168,0.2
1164,1165,0.2
1089,1088,0.2
1089,1164,0.2
1089,1163,0.2
1089,1062,0.2
1089,1165,0.2
1165,1089,0.2
1165,1164,0.2
1165,1167,0.2
1165,1088,0.2
1165,1163,0.2
1167,1166,0.2
1167,1165,0.2
1167,1170,0.2
1167,1092,0.2
1167,1089,0.2
1166,1170,0.2
1166,1092,0.2
1166,1167,0.2
1166,1090,0.2
1166,1066,0.2
1174,1175,0.2
1174,1173,0.2
1174,1170,0.2
1174,1172,0.2
1174,1166,0.2
1175,1174,0.2
1175,1170,0.2
1175,1166,0.2
1175,1167,0.2
1175,1092,0.2
1170,1166,0.2
1170,1092,0.2
1170,1175,0.2
1170,1090,0.2
1170,1167,0.2
1092,1090,0.2
1092,1166,0.2
1092,1066,0.2
1092,1170,0.2
1092,1091,0.2
1066,1090,0.2
1066,1092,0.2
1066,1067,0.2
1066,1091,0.2
1066,1166,0.2
1067,1066,0.2
1067,1065,0.2
1067,1059,0.2
1067,1090,0.2
1067,1091,0.2
1090,1092,0.2
1090,1066,0.2
1090,1091,0.2
1090,1166,0.2
1090,1170,0.2
1091,1090,0.2
1091,1092,0.2
1091,1066,0.2
1091,1166,0.2
1091,1170,0.2
1036,1035,0.2
1036,1034,0.2
1036,1038,0.2
1036,1033,0.2
1036,1039,0.2
1035,1036,0.2
1035,1038,0.2
1035,1034,0.2
1035,1037,0.2
1035,1003,0.2
1038,1035,0.2
1038,1037,0.2
1038,1003,0.2
1038,1046,0.2
1038,1002,0.2
852,853,0.2
852,851,0.2
852,854,0.2
852,845,0.2
852,850,0.2
851,852,0.2
851,850,0.2
851,853,0.2
851,941,0.2
851,955,0.2
1037,1003,0.2
1037,1046,0.2
1037,1038,0.2
1037,1050,0.2
1037,1002,0.2
850,941,0.2
850,851,0.2
850,955,0.2
850,948,0.2
850,852,0.2
955,941,0.2
955,850,0.2
955,956,0.2
955,948,0.2
955,1001,0.2
956,1001,0.2
956,1002,0.2
956,955,0.2
956,941,0.2
956,1003,0.2
1002,1001,0.2
1002,1003,0.2
1002,956,0.2
1002,1037,0.2
1002,1050,0.2
1003,1037,0.2
1003,1050,0.2
1003,1002,0.2
1003,1046,0.2
1003,1001,0.2
1046,1037,0.2
1046,1050,0.2
1046,1003,0.2
1046,1049,0.2
1046,1038,0.2
941,955,0.2
941,850,0.2
941,948,0.2
941,956,0.2
941,947,0.2
1001,1002,0.2
1001,956,0.2
1001,1003,0.2
1001,955,0.2
1001,1050,0.2
1050,1003,0.2
1050,1046,0.2
1050,1037,0.2
1050,1051,0.2
1050,1002,0.2
948,947,0.2
948,941,0.2
948,955,0.2
948,850,0.2
948,950,0.2
1051,1050,0.2
1051,1053,0.2
1051,1046,0.2
1051,1003,0.2
1051,1052,0.2
947,950,0.2
947,948,0.2
947,949,0.2
947,941,0.2
947,955,0.2
950,949,0.2
950,947,0.2
950,948,0.2
950,952,0.2
950,941,0.2
1053,1052,0.2
1053,1051,0.2
1053,942,0.2
1053,1054,0.2
1053,1050,0.2
949,950,0.2
949,952,0.2
949,947,0.2
949,951,0.2
949,948,0.2
1052,942,0.2
1052,1054,0.2
1052,1053,0.2
1052,943,0.2
1052,1055,0.2
942,1054,0.2
942,1052,0.2
942,943,0.2
942,1055,0.2
942,1053,0.2
1054,942,0.2
1054,1052,0.2
1054,943,0.2
1054,1055,0.2
1054,1053,0.2
952,949,0.2
952,951,0.2
952,954,0.2
952,950,0.2
952,953,0.2
744,743,0.2
744,745,0.2
744,740,0.2
744,690,0.2
744,741,0.2
788,841,0.2
788,849,0.2
788,789,0.2
788,846,0.2
788,854,0.2
849,841,0.2
849,854,0.2
849,788,0.2
849,846,0.2
849,853,0.2
789,790,0.2
789,788,0.2
789,841,0.2
789,849,0.2
789,787,0.2
790,787,0.2
790,789,0.2
790,784,0.2
790,754,0.2
790,788,0.2
854,853,0.2
854,849,0.2
854,846,0.2
854,841,0.2
854,852,0.2
787,784,0.2
787,754,0.2
787,790,0.2
787,786,0.2
787,755,0.2
853,852,0.2
853,854,0.2
853,846,0.2
853,851,0.2
853,845,0.2
841,849,0.2
841,788,0.2
841,846,0.2
841,854,0.2
841,845,0.2
784,754,0.2
784,787,0.2
784,786,0.2
784,755,0.2
784,790,0.2
846,845,0.2
846,841,0.2
846,854,0.2
846,849,0.2
846,853,0.2
845,844,0.2
845,846,0.2
845,843,0.2
845,853,0.2
845,854,0.2
786,785,0.2
786,784,0.2
786,754,0.2
786,799,0.2
786,755,0.2
844,843,0.2
844,845,0.2
844,842,0.2
844,846,0.2
844,848,0.2
843,842,0.2
843,844,0.2
843,848,0.2
843,845,0.2
843,847,0.2
842,843,0.2
842,848,0.2
842,844,0.2
842,847,0.2
842,845,0.2
848,842,0.2
848,847,0.2
848,843,0.2
848,860,0.2
848,844,0.2
847,860,0.2
847,859,0.2
847,848,0.2
847,855,0.2
847,842,0.2
859,860,0.2
859,855,0.2
859,798,0.2
859,847,0.2
859,861,0.2
860,859,0.2
860,847,0.2
860,855,0.2
860,861,0.2
860,798,0.2
855,859,0.2
855,798,0.2
855,860,0.2
855,856,0.2
855,861,0.2
861,856,0.2
861,863,0.2
861,860,0.2
861,855,0.2
861,859,0.2
856,861,0.2
856,863,0.2
856,855,0.2
856,858,0.2
856,860,0.2
863,858,0.2
863,861,0.2
863,862,0.2
863,856,0.2
863,857,0.2
785,799,0.2
785,757,0.2
785,786,0.2
785,800,0.2
785,756,0.2
799,785,0.2
799,800,0.2
799,757,0.2
799,791,0.2
799,797,0.2
800,791,0.2
800,797,0.2
800,799,0.2
800,785,0.2
800,792,0.2
797,791,0.2
797,798,0.2
797,800,0.2
797,855,0.2
797,792,0.2
798,855,0.2
798,859,0.2
798,797,0.2
798,860,0.2
798,791,0.2
791,797,0.2
791,800,0.2
791,792,0.2
791,798,0.2
791,799,0.2
792,791,0.2
792,795,0.2
792,797,0.2
792,800,0.2
792,856,0.2
795,794,0.2
795,792,0.2
795,858,0.2
795,856,0.2
795,793,0.2
943,1055,0.2
943,1054,0.2
943,942,0.2
943,944,0.2
943,1052,0.2
1055,943,0.2
1055,944,0.2
1055,1056,0.2
1055,1054,0.2
1055,942,0.2
944,945,0.2
944,1056,0.2
944,1055,0.2
944,943,0.2
944,969,0.2
1056,1061,0.2
1056,969,0.2
1056,944,0.2
1056,1057,0.2
1056,1055,0.2
945,944,0.2
945,969,0.2
945,946,0.2
945,970,0.2
945,1056,0.2
946,970,0.2
946,945,0.2
946,953,0.2
946,944,0.2
946,968,0.2
1061,1057,0.2
1061,1056,0.2
1061,1064,0.2
1061,969,0.2
1061,1058,0.2
969,945,0.2
969,1057,0.2
969,1056,0.2
969,944,0.2
969,1061,0.2
970,946,0.2
970,945,0.2
970,968,0.2
970,969,0.2
970,953,0.2
1057,1061,0.2
1057,969,0.2
1057,1058,0.2
1057,1056,0.2
1057,945,0.2
1058,1057,0.2
1058,1060,0.2
1058,1061,0.2
1058,969,0.2
1058,1059,0.2
1060,1058,0.2
1060,1059,0.2
1060,961,0.2
1060,1065,0.2
1060,1057,0.2
1059,961,0.2
1059,1065,0.2
1059,1060,0.2
1059,962,0.2
1059,1067,0.2
1065,1059,0.2
1065,961,0.2
1065,1067,0.2
1065,1060,0.2
1065,962,0.2
961,1059,0.2
961,962,0.2
961,1065,0.2
961,1060,0.2
961,963,0.2
962,961,0.2
962,963,0.2
962,1059,0.2
962,966,0.2
962,1065,0.2
963,966,0.2
963,962,0.2
963,967,0.2
963,961,0.2
963,964,0.2
951,954,0.2
951,953,0.2
951,952,0.2
951,869,0.2
951,968,0.2
954,953,0.2
954,951,0.2
954,869,0.2
954,968,0.2
954,960,0.2
953,968,0.2
953,954,0.2
953,951,0.2
953,946,0.2
953,869,0.2
968,953,0.2
968,960,0.2
968,954,0.2
968,869,0.2
968,970,0.2
869,960,0.2
869,954,0.2
869,870,0.2
869,968,0.2
869,953,0.2
870,957,0.2
870,869,0.2
870,871,0.2
870,960,0.2
870,954,0.2
871,957,0.2
871,870,0.2
871,872,0.2
871,898,0.2
871,958,0.2
957,871,0.2
957,870,0.2
957,958,0.2
957,898,0.2
957,897,0.2
960,869,0.2
960,968,0.2
960,965,0.2
960,953,0.2
960,954,0.2
958,897,0.2
958,957,0.2
958,959,0.2
958,900,0.2
958,898,0.2
897,898,0.2
897,900,0.2
897,958,0.2
897,899,0.2
897,959,0.2
965,964,0.2
965,960,0.2
965,869,0.2
965,968,0.2
965,967,0.2
900,904,0.2
900,959,0.2
900,905,0.2
900,903,0.2
900,897,0.2
959,904,0.2
959,900,0.2
959,905,0.2
959,903,0.2
959,958,0.2
904,905,0.2
904,903,0.2
904,959,0.2
904,900,0.2
904,907,0.2
905,904,0.2
905,903,0.2
905,900,0.2
905,959,0.2
905,907,0.2
903,905,0.2
903,904,0.2
903,907,0.2
903,959,0.2
903,900,0.2
964,967,0.2
964,965,0.2
964,966,0.2
964,963,0.2
964,960,0.2
907,903,0.2
907,908,0.2
907,905,0.2
907,904,0.2
907,909,0.2
967,966,0.2
967,964,0.2
967,963,0.2
967,965,0.2
967,962,0.2
908,909,0.2
908,907,0.2
908,903,0.2
908,905,0.2
908,904,0.2
966,967,0.2
966,963,0.2
966,964,0.2
966,962,0.2
966,965,0.2
862,866,0.2
862,864,0.2
862,857,0.2
862,858,0.2
862,863,0.2
866,864,0.2
866,857,0.2
866,862,0.2
866,867,0.2
866,865,0.2
864,866,0.2
864,865,0.2
864,862,0.2
864,867,0.2
864,857,0.2
865,874,0.2
865,864,0.2
865,868,0.2
865,881,0.2
865,867,0.2
872,899,0.2
872,898,0.2
872,871,0.2
872,873,0.2
872,901,0.2
873,901,0.2
873,899,0.2
873,902,0.2
873,872,0.2
873,868,0.2
868,865,0.2
868,881,0.2
868,874,0.2
868,902,0.2
868,873,0.2
874,875,0.2
874,881,0.2
874,865,0.2
874,876,0.2
874,867,0.2
881,874,0.2
881,868,0.2
881,880,0.2
881,865,0.2
881,876,0.2
899,898,0.2
899,872,0.2
899,901,0.2
899,873,0.2
899,897,0.2
901,902,0.2
901,873,0.2
901,899,0.2
901,896,0.2
901,868,0.2
898,899,0.2
898,897,0.2
898,872,0.2
898,871,0.2
898,958,0.2
902,896,0.2
902,901,0.2
902,882,0.2
902,890,0.2
902,868,0.2
880,882,0.2
880,881,0.2
880,896,0.2
880,883,0.2
880,902,0.2
896,902,0.2
896,882,0.2
896,890,0.2
896,880,0.2
896,901,0.2
882,896,0.2
882,880,0.2
882,890,0.2
882,883,0.2
882,891,0.2
890,891,0.2
890,896,0.2
890,882,0.2
890,892,0.2
890,902,0.2
858,857,0.2
858,863,0.2
858,862,0.2
858,856,0.2
858,866,0.2
794,793,0.2
794,795,0.2
794,796,0.2
794,858,0.2
794,857,0.2
857,866,0.2
857,862,0.2
857,858,0.2
857,864,0.2
857,867,0.2
793,796,0.2
793,794,0.2
793,801,0.2
793,804,0.2
793,802,0.2
867,875,0.2
867,866,0.2
867,874,0.2
867,802,0.2
867,865,0.2
796,801,0.2
796,804,0.2
796,793,0.2
796,802,0.2
796,803,0.2
802,875,0.2
802,867,0.2
802,876,0.2
802,801,0.2
802,874,0.2
875,874,0.2
875,802,0.2
875,867,0.2
875,876,0.2
875,865,0.2
801,796,0.2
801,804,0.2
801,802,0.2
801,793,0.2
801,875,0.2
804,796,0.2
804,803,0.2
804,801,0.2
804,793,0.2
804,806,0.2
803,806,0.2
803,804,0.2
803,774,0.2
803,805,0.2
803,776,0.2
806,803,0.2
806,805,0.2
806,776,0.2
806,774,0.2
806,778,0.2
876,875,0.2
876,874,0.2
876,802,0.2
876,881,0.2
876,880,0.2
805,776,0.2
805,778,0.2
805,807,0.2
805,806,0.2
805,808,0.2
807,805,0.2
807,808,0.2
807,778,0.2
807,781,0.2
807,776,0.2
891,890,0.2
891,892,0.2
891,882,0.2
891,896,0.2
891,889,0.2
883,889,0.2
883,882,0.2
883,878,0.2
883,892,0.2
883,880,0.2
892,891,0.2
892,889,0.2
892,890,0.2
892,883,0.2
892,882,0.2
889,892,0.2
889,886,0.2
889,883,0.2
889,891,0.2
889,882,0.2
886,889,0.2
886,877,0.2
886,888,0.2
886,883,0.2
886,892,0.2
909,908,0.2
909,906,0.2
909,907,0.2
909,903,0.2
909,905,0.2
906,909,0.2
906,908,0.2
906,907,0.2
906,892,0.2
906,888,0.2
888,886,0.2
888,887,0.2
888,879,0.2
888,884,0.2
888,877,0.2
887,895,0.2
887,888,0.2
887,885,0.2
887,893,0.2
887,884,0.2
895,887,0.2
895,885,0.2
895,893,0.2
895,894,0.2
895,884,0.2
893,895,0.2
893,894,0.2
893,887,0.2
893,885,0.2
893,888,0.2
878,883,0.2
878,880,0.2
878,877,0.2
878,876,0.2
878,882,0.2
808,781,0.2
808,817,0.2
808,783,0.2
808,807,0.2
808,818,0.2
817,808,0.2
817,818,0.2
817,783,0.2
817,781,0.2
817,716,0.2
818,817,0.2
818,816,0.2
818,716,0.2
818,783,0.2
818,808,0.2
877,879,0.2
877,886,0.2
877,810,0.2
877,884,0.2
877,814,0.2
816,812,0.2
816,818,0.2
816,716,0.2
816,809,0.2
816,813,0.2
809,813,0.2
809,812,0.2
809,816,0.2
809,815,0.2
809,818,0.2
811,815,0.2
811,814,0.2
811,810,0.2
811,809,0.2
811,879,0.2
812,816,0.2
812,813,0.2
812,809,0.2
812,656,0.2
812,716,0.2
810,814,0.2
810,879,0.2
810,884,0.2
810,811,0.2
810,877,0.2
879,884,0.2
879,810,0.2
879,814,0.2
879,877,0.2
879,885,0.2
814,810,0.2
814,884,0.2
814,879,0.2
814,811,0.2
814,815,0.2
813,809,0.2
813,812,0.2
813,816,0.2
813,815,0.2
813,656,0.2
815,811,0.2
815,809,0.2
815,814,0.2
815,813,0.2
815,810,0.2
884,879,0.2
884,810,0.2
884,814,0.2
884,885,0.2
884,888,0.2
885,884,0.2
885,895,0.2
885,887,0.2
885,879,0.2
885,814,0.2
894,895,0.2
894,893,0.2
894,885,0.2
894,887,0.2
894,884,0.2
323,321,0.2
323,322,0.2
323,326,0.2
323,318,0.2
323,325,0.2
322,318,0.2
322,323,0.2
322,320,0.2
322,319,0.2
322,325,0.2
318,320,0.2
318,319,0.2
318,322,0.2
318,325,0.2
318,323,0.2
320,318,0.2
320,319,0.2
320,325,0.2
320,322,0.2
320,324,0.2
319,320,0.2
319,325,0.2
319,318,0.2
319,322,0.2
319,324,0.2
325,324,0.2
325,319,0.2
325,320,0.2
325,318,0.2
325,330,0.2
414,413,0.2
414,403,0.2
414,415,0.2
414,402,0.2
414,399,0.2
413,412,0.2
413,414,0.2
413,411,0.2
413,403,0.2
413,415,0.2
412,411,0.2
412,413,0.2
412,407,0.2
412,406,0.2
412,414,0.2
411,407,0.2
411,412,0.2
411,406,0.2
411,405,0.2
411,413,0.2
407,406,0.2
407,411,0.2
407,405,0.2
407,592,0.2
407,591,0.2
406,407,0.2
406,405,0.2
406,592,0.2
406,411,0.2
406,591,0.2
592,589,0.2
592,591,0.2
592,405,0.2
592,406,0.2
592,407,0.2
589,592,0.2
589,591,0.2
589,405,0.2
589,406,0.2
589,590,0.2
405,406,0.2
405,591,0.2
405,404,0.2
405,592,0.2
405,407,0.2
591,592,0.2
591,589,0.2
591,405,0.2
591,590,0.2
591,406,0.2
724,726,0.2
724,664,0.2
724,725,0.2
724,727,0.2
724,666,0.2
726,724,0.2
726,725,0.2
726,727,0.2
726,666,0.2
726,664,0.2
725,727,0.2
725,666,0.2
725,726,0.2
725,669,0.2
725,735,0.2
734,728,0.2
734,733,0.2
734,735,0.2
734,736,0.2
734,732,0.2
728,735,0.2
728,727,0.2
728,734,0.2
728,736,0.2
728,725,0.2
727,725,0.2
727,735,0.2
727,666,0.2
727,669,0.2
727,728,0.2
666,725,0.2
666,665,0.2
666,669,0.2
666,727,0.2
666,667,0.2
735,727,0.2
735,728,0.2
735,736,0.2
735,669,0.2
735,725,0.2
669,666,0.2
669,675,0.2
669,670,0.2
669,727,0.2
669,736,0.2
596,597,0.2
596,593,0.2
596,660,0.2
596,598,0.2
596,594,0.2
597,593,0.2
597,596,0.2
597,598,0.2
597,594,0.2
597,660,0.2
660,664,0.2
660,598,0.2
660,661,0.2
660,596,0.2
660,597,0.2
598,599,0.2
598,597,0.2
598,660,0.2
598,661,0.2
598,593,0.2
664,663,0.2
664,660,0.2
664,661,0.2
664,665,0.2
664,662,0.2
661,662,0.2
661,606,0.2
661,663,0.2
661,599,0.2
661,660,0.2
599,529,0.2
599,606,0.2
599,600,0.2
599,598,0.2
599,661,0.2
663,665,0.2
663,662,0.2
663,667,0.2
663,664,0.2
663,661,0.2
606,599,0.2
606,600,0.2
606,661,0.2
606,529,0.2
606,662,0.2
662,667,0.2
662,663,0.2
662,661,0.2
662,665,0.2
662,606,0.2
665,667,0.2
665,663,0.2
665,666,0.2
665,662,0.2
665,668,0.2
667,665,0.2
667,662,0.2
667,668,0.2
667,663,0.2
667,674,0.2
600,529,0.2
600,606,0.2
600,604,0.2
600,599,0.2
600,603,0.2
736,670,0.2
736,735,0.2
736,737,0.2
736,669,0.2
736,727,0.2
670,736,0.2
670,737,0.2
670,669,0.2
670,675,0.2
670,735,0.2
675,674,0.2
675,669,0.2
675,670,0.2
675,668,0.2
675,671,0.2
737,670,0.2
737,736,0.2
737,746,0.2
737,675,0.2
737,735,0.2
746,749,0.2
746,748,0.2
746,737,0.2
746,747,0.2
746,739,0.2
749,748,0.2
749,746,0.2
749,747,0.2
749,739,0.2
749,737,0.2
748,749,0.2
748,747,0.2
748,739,0.2
748,746,0.2
748,738,0.2
747,748,0.2
747,739,0.2
747,749,0.2
747,746,0.2
747,738,0.2
668,674,0.2
668,667,0.2
668,671,0.2
668,665,0.2
668,675,0.2
604,603,0.2
604,600,0.2
604,602,0.2
604,529,0.2
604,606,0.2
674,668,0.2
674,671,0.2
674,675,0.2
674,667,0.2
674,669,0.2
603,602,0.2
603,604,0.2
603,601,0.2
603,600,0.2
603,536,0.2
671,674,0.2
671,668,0.2
671,672,0.2
671,675,0.2
671,667,0.2
602,603,0.2
602,601,0.2
602,604,0.2
602,605,0.2
602,600,0.2
672,673,0.2
672,671,0.2
672,674,0.2
672,601,0.2
672,678,0.2
601,602,0.2
601,605,0.2
601,603,0.2
601,672,0.2
601,673,0.2
605,601,0.2
605,542,0.2
605,673,0.2
605,602,0.2
605,541,0.2
673,678,0.2
673,684,0.2
673,672,0.2
673,541,0.2
673,679,0.2
678,684,0.2
678,679,0.2
678,673,0.2
678,677,0.2
678,541,0.2
404,590,0.2
404,409,0.2
404,405,0.2
404,595,0.2
404,591,0.2
590,595,0.2
590,404,0.2
590,594,0.2
590,591,0.2
590,593,0.2
595,594,0.2
595,590,0.2
595,593,0.2
595,409,0.2
595,404,0.2
594,595,0.2
594,593,0.2
594,590,0.2
594,409,0.2
594,597,0.2
409,595,0.2
409,594,0.2
409,404,0.2
409,408,0.2
409,590,0.2
593,594,0.2
593,597,0.2
593,595,0.2
593,596,0.2
593,590,0.2
408,410,0.2
408,409,0.2
408,594,0.2
408,595,0.2
408,539,0.2
410,528,0.2
410,539,0.2
410,534,0.2
410,530,0.2
410,408,0.2
539,530,0.2
539,410,0.2
539,534,0.2
539,528,0.2
539,470,0.2
529,600,0.2
529,599,0.2
529,528,0.2
529,606,0.2
529,604,0.2
528,534,0.2
528,410,0.2
528,530,0.2
528,529,0.2
528,539,0.2
421,420,0.2
421,416,0.2
421,419,0.2
421,427,0.2
421,425,0.2
420,419,0.2
420,421,0.2
420,418,0.2
420,469,0.2
420,432,0.2
419,420,0.2
419,418,0.2
419,469,0.2
419,471,0.2
419,421,0.2
418,471,0.2
418,419,0.2
418,417,0.2
418,470,0.2
418,469,0.2
417,470,0.2
417,471,0.2
417,539,0.2
417,418,0.2
417,410,0.2
470,417,0.2
470,471,0.2
470,539,0.2
470,418,0.2
470,530,0.2
471,418,0.2
471,469,0.2
471,470,0.2
471,417,0.2
471,419,0.2
469,465,0.2
469,432,0.2
469,471,0.2
469,418,0.2
469,419,0.2
432,465,0.2
432,433,0.2
432,469,0.2
432,419,0.2
432,434,0.2
534,530,0.2
534,528,0.2
534,539,0.2
534,537,0.2
534,410,0.2
465,432,0.2
465,469,0.2
465,467,0.2
465,433,0.2
465,471,0.2
530,534,0.2
530,539,0.2
530,537,0.2
530,528,0.2
530,410,0.2
537,532,0.2
537,530,0.2
537,534,0.2
537,536,0.2
537,528,0.2
532,537,0.2
532,536,0.2
532,530,0.2
532,531,0.2
532,534,0.2
467,465,0.2
467,466,0.2
467,432,0.2
467,469,0.2
467,433,0.2
536,532,0.2
536,531,0.2
536,537,0.2
536,535,0.2
536,603,0.2
531,535,0.2
531,536,0.2
531,533,0.2
531,532,0.2
531,538,0.2
466,468,0.2
466,467,0.2
466,475,0.2
466,472,0.2
466,445,0.2
535,531,0.2
535,533,0.2
535,536,0.2
535,538,0.2
535,545,0.2
468,475,0.2
468,445,0.2
468,472,0.2
468,476,0.2
468,477,0.2
533,538,0.2
533,550,0.2
533,548,0.2
533,545,0.2
533,549,0.2
538,533,0.2
538,545,0.2
538,548,0.2
538,550,0.2
538,540,0.2
331,328,0.2
331,332,0.2
331,327,0.2
331,333,0.2
331,334,0.2
328,331,0.2
328,327,0.2
328,332,0.2
328,326,0.2
328,333,0.2
327,328,0.2
327,326,0.2
327,331,0.2
327,332,0.2
327,321,0.2
326,321,0.2
326,327,0.2
326,328,0.2
326,323,0.2
326,331,0.2
321,326,0.2
321,323,0.2
321,327,0.2
321,322,0.2
321,328,0.2
309,313,0.2
309,307,0.2
309,304,0.2
309,315,0.2
309,316,0.2
307,304,0.2
307,309,0.2
307,302,0.2
307,313,0.2
307,300,0.2
304,302,0.2
304,307,0.2
304,300,0.2
304,298,0.2
304,297,0.2
302,304,0.2
302,300,0.2
302,298,0.2
302,307,0.2
302,297,0.2
300,298,0.2
300,302,0.2
300,297,0.2
300,304,0.2
300,296,0.2
298,297,0.2
298,300,0.2
298,296,0.2
298,302,0.2
298,295,0.2
297,298,0.2
297,296,0.2
297,300,0.2
297,295,0.2
297,294,0.2
332,331,0.2
332,333,0.2
332,328,0.2
332,334,0.2
332,335,0.2
183,119,0.2
183,40,0.2
183,186,0.2
183,120,0.2
183,41,0.2
333,334,0.2
333,332,0.2
333,335,0.2
333,187,0.2
333,185,0.2
186,183,0.2
186,187,0.2
186,334,0.2
186,119,0.2
186,333,0.2
334,333,0.2
334,335,0.2
334,187,0.2
334,185,0.2
334,317,0.2
187,334,0.2
187,185,0.2
187,186,0.2
187,335,0.2
187,333,0.2
335,185,0.2
335,334,0.2
335,317,0.2
335,184,0.2
335,187,0.2
185,335,0.2
185,184,0.2
185,334,0.2
185,187,0.2
185,317,0.2
317,184,0.2
317,313,0.2
317,316,0.2
317,309,0.2
317,335,0.2
184,317,0.2
184,316,0.2
184,313,0.2
184,315,0.2
184,185,0.2
313,309,0.2
313,307,0.2
313,316,0.2
313,315,0.2
313,317,0.2
316,315,0.2
316,314,0.2
316,313,0.2
316,309,0.2
316,312,0.2
315,314,0.2
315,316,0.2
315,312,0.2
315,311,0.2
315,309,0.2
314,312,0.2
314,315,0.2
314,311,0.2
314,310,0.2
314,316,0.2
312,311,0.2
312,310,0.2
312,314,0.2
312,308,0.2
312,315,0.2
324,330,0.2
324,325,0.2
324,329,0.2
324,319,0.2
324,395,0.2
330,329,0.2
330,324,0.2
330,395,0.2
330,396,0.2
330,393,0.2
293,394,0.2
293,294,0.2
293,295,0.2
293,393,0.2
293,296,0.2
394,393,0.2
394,293,0.2
394,294,0.2
394,395,0.2
394,295,0.2
393,394,0.2
393,395,0.2
393,293,0.2
393,294,0.2
393,396,0.2
395,393,0.2
395,396,0.2
395,394,0.2
395,336,0.2
395,293,0.2
329,395,0.2
329,396,0.2
329,393,0.2
329,394,0.2
329,330,0.2
396,336,0.2
396,395,0.2
396,337,0.2
396,393,0.2
396,397,0.2
336,337,0.2
336,396,0.2
336,338,0.2
336,395,0.2
336,339,0.2
311,312,0.2
311,310,0.2
311,308,0.2
311,314,0.2
311,306,0.2
296,295,0.2
296,297,0.2
296,294,0.2
296,298,0.2
296,300,0.2
310,311,0.2
310,308,0.2
310,312,0.2
310,306,0.2
310,305,0.2
295,294,0.2
295,296,0.2
295,297,0.2
295,293,0.2
295,298,0.2
308,306,0.2
308,310,0.2
308,305,0.2
308,311,0.2
308,312,0.2
294,295,0.2
294,293,0.2
294,296,0.2
294,297,0.2
294,394,0.2
306,305,0.2
306,308,0.2
306,303,0.2
306,310,0.2
306,301,0.2
305,306,0.2
305,303,0.2
305,308,0.2
305,301,0.2
305,310,0.2
303,305,0.2
303,301,0.2
303,306,0.2
303,299,0.2
303,308,0.2
301,303,0.2
301,299,0.2
301,305,0.2
301,339,0.2
301,306,0.2
299,339,0.2
299,301,0.2
299,303,0.2
299,338,0.2
299,305,0.2
339,299,0.2
339,338,0.2
339,301,0.2
339,337,0.2
339,303,0.2
338,337,0.2
338,339,0.2
338,299,0.2
338,336,0.2
338,301,0.2
337,338,0.2
337,336,0.2
337,339,0.2
337,396,0.2
337,299,0.2
397,396,0.2
397,336,0.2
397,337,0.2
397,395,0.2
397,329,0.2
398,397,0.2
398,400,0.2
398,396,0.2
398,336,0.2
398,329,0.2
400,398,0.2
400,399,0.2
400,397,0.2
400,403,0.2
400,396,0.2
399,403,0.2
399,400,0.2
399,415,0.2
399,341,0.2
399,340,0.2
203,316,0.2
203,315,0.2
203,314,0.2
203,312,0.2
203,311,0.2
204,205,0.2
204,206,0.2
204,203,0.2
204,207,0.2
204,184,0.2
205,206,0.2
205,204,0.2
205,207,0.2
205,127,0.2
205,124,0.2
206,205,0.2
206,207,0.2
206,124,0.2
206,204,0.2
206,127,0.2
207,206,0.2
207,208,0.2
207,124,0.2
207,205,0.2
207,123,0.2
208,123,0.2
208,202,0.2
208,207,0.2
208,126,0.2
208,124,0.2
202,126,0.2
202,208,0.2
202,123,0.2
202,125,0.2
202,207,0.2
43,42,0.2
43,39,0.2
43,35,0.2
43,36,0.2
43,41,0.2
42,41,0.2
42,43,0.2
42,40,0.2
42,39,0.2
42,119,0.2
41,40,0.2
41,42,0.2
41,119,0.2
41,183,0.2
41,120,0.2
40,119,0.2
40,41,0.2
40,183,0.2
40,120,0.2
40,42,0.2
119,40,0.2
119,183,0.2
119,120,0.2
119,41,0.2
119,186,0.2
120,119,0.2
120,121,0.2
120,40,0.2
120,183,0.2
120,41,0.2
32,34,0.2
32,33,0.2
32,53,0.2
32,51,0.2
32,54,0.2
34,33,0.2
34,32,0.2
34,53,0.2
34,51,0.2
34,54,0.2
33,53,0.2
33,51,0.2
33,34,0.2
33,54,0.2
33,52,0.2
53,51,0.2
53,33,0.2
53,54,0.2
53,50,0.2
53,49,0.2
54,50,0.2
54,35,0.2
54,39,0.2
54,53,0.2
54,36,0.2
39,35,0.2
39,43,0.2
39,54,0.2
39,50,0.2
39,36,0.2
51,53,0.2
51,52,0.2
51,33,0.2
51,49,0.2
51,47,0.2
35,39,0.2
35,50,0.2
35,54,0.2
35,36,0.2
35,43,0.2
50,54,0.2
50,35,0.2
50,39,0.2
50,36,0.2
50,53,0.2
52,49,0.2
52,47,0.2
52,51,0.2
52,44,0.2
52,53,0.2
49,52,0.2
49,47,0.2
49,48,0.2
49,51,0.2
49,44,0.2
36,38,0.2
36,35,0.2
36,37,0.2
36,50,0.2
36,39,0.2
47,49,0.2
47,44,0.2
47,52,0.2
47,48,0.2
47,58,0.2
38,37,0.2
38,36,0.2
38,48,0.2
38,58,0.2
38,35,0.2
48,37,0.2
48,58,0.2
48,47,0.2
48,38,0.2
48,49,0.2
37,38,0.2
37,48,0.2
37,58,0.2
37,36,0.2
37,47,0.2
44,47,0.2
44,48,0.2
44,52,0.2
44,49,0.2
44,45,0.2
58,37,0.2
58,48,0.2
58,59,0.2
58,38,0.2
58,47,0.2
121,120,0.2
121,118,0.2
121,122,0.2
121,127,0.2
121,119,0.2
118,122,0.2
118,121,0.2
118,127,0.2
118,128,0.2
118,124,0.2
122,118,0.2
122,127,0.2
122,128,0.2
122,124,0.2
122,121,0.2
127,124,0.2
127,122,0.2
127,118,0.2
127,206,0.2
127,207,0.2
128,129,0.2
128,64,0.2
128,122,0.2
128,118,0.2
128,131,0.2
124,127,0.2
124,207,0.2
124,123,0.2
124,206,0.2
124,122,0.2
129,64,0.2
129,128,0.2
129,131,0.2
129,63,0.2
129,56,0.2
123,208,0.2
123,124,0.2
123,126,0.2
123,202,0.2
123,207,0.2
131,129,0.2
131,132,0.2
131,63,0.2
131,64,0.2
131,61,0.2
126,202,0.2
126,125,0.2
126,123,0.2
126,208,0.2
126,134,0.2
132,130,0.2
132,131,0.2
132,61,0.2
132,62,0.2
132,70,0.2
125,134,0.2
125,126,0.2
125,196,0.2
125,202,0.2
125,133,0.2
130,70,0.2
130,133,0.2
130,132,0.2
130,62,0.2
130,65,0.2
45,46,0.2
45,44,0.2
45,59,0.2
45,57,0.2
45,60,0.2
59,60,0.2
59,58,0.2
59,57,0.2
59,45,0.2
59,46,0.2
60,57,0.2
60,59,0.2
60,46,0.2
60,55,0.2
60,45,0.2
46,57,0.2
46,55,0.2
46,45,0.2
46,60,0.2
46,59,0.2
57,46,0.2
57,60,0.2
57,55,0.2
57,59,0.2
57,45,0.2
55,57,0.2
55,46,0.2
55,60,0.2
55,56,0.2
55,63,0.2
64,129,0.2
64,63,0.2
64,128,0.2
64,131,0.2
64,56,0.2
63,56,0.2
63,64,0.2
63,61,0.2
63,131,0.2
63,129,0.2
56,63,0.2
56,61,0.2
56,55,0.2
56,64,0.2
56,57,0.2
61,63,0.2
61,56,0.2
61,62,0.2
61,132,0.2
61,131,0.2
62,70,0.2
62,61,0.2
62,65,0.2
62,130,0.2
62,132,0.2
403,415,0.2
403,399,0.2
403,414,0.2
403,341,0.2
403,402,0.2
415,341,0.2
415,402,0.2
415,403,0.2
415,344,0.2
415,401,0.2
340,343,0.2
340,342,0.2
340,341,0.2
340,344,0.2
340,415,0.2
341,344,0.2
341,402,0.2
341,415,0.2
341,401,0.2
341,340,0.2
402,401,0.2
402,344,0.2
402,341,0.2
402,415,0.2
402,423,0.2
344,402,0.2
344,341,0.2
344,401,0.2
344,415,0.2
344,423,0.2
343,340,0.2
343,342,0.2
343,344,0.2
343,341,0.2
343,189,0.2
401,402,0.2
401,344,0.2
401,423,0.2
401,422,0.2
401,341,0.2
422,423,0.2
422,424,0.2
422,401,0.2
422,425,0.2
422,416,0.2
423,422,0.2
423,424,0.2
423,401,0.2
423,425,0.2
423,344,0.2
424,422,0.2
424,423,0.2
424,425,0.2
424,416,0.2
424,401,0.2
416,424,0.2
416,425,0.2
416,422,0.2
416,423,0.2
416,421,0.2
425,424,0.2
425,423,0.2
425,422,0.2
425,416,0.2
425,427,0.2
427,425,0.2
427,426,0.2
427,416,0.2
427,424,0.2
427,423,0.2
426,427,0.2
426,428,0.2
426,220,0.2
426,434,0.2
426,433,0.2
191,189,0.2
191,342,0.2
191,340,0.2
191,343,0.2
191,192,0.2
192,188,0.2
192,190,0.2
192,193,0.2
192,189,0.2
192,191,0.2
342,191,0.2
342,343,0.2
342,340,0.2
342,189,0.2
342,344,0.2
190,193,0.2
190,188,0.2
190,192,0.2
190,196,0.2
190,189,0.2
189,191,0.2
189,342,0.2
189,343,0.2
189,188,0.2
189,192,0.2
188,192,0.2
188,190,0.2
188,193,0.2
188,189,0.2
188,191,0.2
193,190,0.2
193,188,0.2
193,192,0.2
193,197,0.2
193,196,0.2
428,429,0.2
428,220,0.2
428,426,0.2
428,434,0.2
428,431,0.2
433,432,0.2
433,434,0.2
433,465,0.2
433,428,0.2
433,469,0.2
222,221,0.2
222,219,0.2
222,195,0.2
222,215,0.2
222,214,0.2
221,220,0.2
221,222,0.2
221,429,0.2
221,430,0.2
221,428,0.2
220,429,0.2
220,428,0.2
220,430,0.2
220,221,0.2
220,431,0.2
434,433,0.2
434,429,0.2
434,431,0.2
434,428,0.2
434,430,0.2
429,220,0.2
429,431,0.2
429,430,0.2
429,428,0.2
429,434,0.2
431,430,0.2
431,429,0.2
431,359,0.2
431,434,0.2
431,220,0.2
430,431,0.2
430,359,0.2
430,429,0.2
430,220,0.2
430,360,0.2
359,360,0.2
359,430,0.2
359,431,0.2
359,429,0.2
359,361,0.2
360,359,0.2
360,361,0.2
360,430,0.2
360,431,0.2
360,358,0.2
361,360,0.2
361,358,0.2
361,359,0.2
361,345,0.2
361,348,0.2
358,348,0.2
358,345,0.2
358,349,0.2
358,231,0.2
358,361,0.2
134,125,0.2
134,196,0.2
134,133,0.2
134,126,0.2
134,197,0.2
70,130,0.2
70,65,0.2
70,62,0.2
70,133,0.2
70,132,0.2
133,130,0.2
133,134,0.2
133,70,0.2
133,132,0.2
133,125,0.2
196,134,0.2
196,125,0.2
196,197,0.2
196,133,0.2
196,190,0.2
65,70,0.2
65,62,0.2
65,66,0.2
65,130,0.2
65,133,0.2
197,196,0.2
197,199,0.2
197,193,0.2
197,134,0.2
197,190,0.2
66,68,0.2
66,65,0.2
66,70,0.2
66,62,0.2
66,67,0.2
199,197,0.2
199,198,0.2
199,194,0.2
199,201,0.2
199,193,0.2
68,66,0.2
68,67,0.2
68,69,0.2
68,76,0.2
68,65,0.2
194,199,0.2
194,198,0.2
194,193,0.2
194,201,0.2
194,197,0.2
198,201,0.2
198,199,0.2
198,194,0.2
198,200,0.2
198,195,0.2
67,69,0.2
67,68,0.2
67,76,0.2
67,71,0.2
67,79,0.2
201,200,0.2
201,198,0.2
201,138,0.2
201,195,0.2
201,214,0.2
195,214,0.2
195,219,0.2
195,200,0.2
195,201,0.2
195,215,0.2
200,138,0.2
200,136,0.2
200,214,0.2
200,201,0.2
200,209,0.2
138,136,0.2
138,200,0.2
138,209,0.2
138,137,0.2
138,135,0.2
136,138,0.2
136,209,0.2
136,200,0.2
136,135,0.2
136,137,0.2
214,209,0.2
214,200,0.2
214,195,0.2
214,215,0.2
214,136,0.2
219,195,0.2
219,215,0.2
219,214,0.2
219,222,0.2
219,209,0.2
209,214,0.2
209,136,0.2
209,138,0.2
209,200,0.2
209,211,0.2
215,214,0.2
215,219,0.2
215,211,0.2
215,209,0.2
215,217,0.2
211,209,0.2
211,215,0.2
211,217,0.2
211,210,0.2
211,214,0.2
217,210,0.2
217,211,0.2
217,216,0.2
217,215,0.2
217,213,0.2
210,217,0.2
210,211,0.2
210,213,0.2
210,216,0.2
210,215,0.2
216,213,0.2
216,210,0.2
216,217,0.2
216,218,0.2
216,212,0.2
213,216,0.2
213,210,0.2
213,212,0.2
213,218,0.2
213,237,0.2
218,212,0.2
218,237,0.2
218,230,0.2
218,233,0.2
218,238,0.2
69,71,0.2
69,76,0.2
69,79,0.2
69,67,0.2
69,78,0.2
76,79,0.2
76,71,0.2
76,69,0.2
76,78,0.2
76,81,0.2
78,81,0.2
78,77,0.2
78,80,0.2
78,76,0.2
78,79,0.2
77,80,0.2
77,137,0.2
77,135,0.2
77,78,0.2
77,81,0.2
137,135,0.2
137,77,0.2
137,80,0.2
137,138,0.2
137,136,0.2
71,79,0.2
71,76,0.2
71,69,0.2
71,72,0.2
71,78,0.2
80,77,0.2
80,135,0.2
80,137,0.2
80,81,0.2
80,78,0.2
135,137,0.2
135,80,0.2
135,77,0.2
135,136,0.2
135,138,0.2
79,76,0.2
79,71,0.2
79,72,0.2
79,81,0.2
79,69,0.2
81,78,0.2
81,80,0.2
81,77,0.2
81,79,0.2
81,76,0.2
72,79,0.2
72,71,0.2
72,76,0.2
72,74,0.2
72,69,0.2
74,73,0.2
74,72,0.2
74,79,0.2
74,71,0.2
74,81,0.2
73,74,0.2
73,75,0.2
73,82,0.2
73,84,0.2
73,85,0.2
75,82,0.2
75,84,0.2
75,73,0.2
75,85,0.2
75,83,0.2
739,747,0.2
739,748,0.2
739,738,0.2
739,749,0.2
739,742,0.2
679,683,0.2
679,678,0.2
679,682,0.2
679,684,0.2
679,677,0.2
683,682,0.2
683,679,0.2
683,681,0.2
683,680,0.2
683,677,0.2
738,742,0.2
738,739,0.2
738,741,0.2
738,747,0.2
738,748,0.2
682,683,0.2
682,681,0.2
682,680,0.2
682,679,0.2
682,676,0.2
742,741,0.2
742,738,0.2
742,740,0.2
742,739,0.2
742,745,0.2
743,744,0.2
743,745,0.2
743,690,0.2
743,740,0.2
743,691,0.2
690,691,0.2
690,692,0.2
690,743,0.2
690,689,0.2
690,744,0.2
684,678,0.2
684,541,0.2
684,677,0.2
684,673,0.2
684,679,0.2
541,608,0.2
541,677,0.2
541,684,0.2
541,676,0.2
541,615,0.2
677,676,0.2
677,608,0.2
677,541,0.2
677,684,0.2
677,688,0.2
608,615,0.2
608,541,0.2
608,677,0.2
608,676,0.2
608,688,0.2
676,688,0.2
676,680,0.2
676,677,0.2
676,608,0.2
676,615,0.2
681,682,0.2
681,680,0.2
681,688,0.2
681,676,0.2
681,683,0.2
615,608,0.2
615,676,0.2
615,688,0.2
615,680,0.2
615,677,0.2
680,688,0.2
680,676,0.2
680,681,0.2
680,685,0.2
680,682,0.2
688,680,0.2
688,676,0.2
688,615,0.2
688,681,0.2
688,685,0.2
685,688,0.2
685,680,0.2
685,676,0.2
685,615,0.2
685,681,0.2
543,612,0.2
543,609,0.2
543,610,0.2
543,611,0.2
543,617,0.2
542,607,0.2
542,609,0.2
542,614,0.2
542,543,0.2
542,541,0.2
612,610,0.2
612,617,0.2
612,609,0.2
612,543,0.2
612,611,0.2
607,614,0.2
607,542,0.2
607,609,0.2
607,610,0.2
607,608,0.2
609,610,0.2
609,612,0.2
609,614,0.2
609,617,0.2
609,607,0.2
610,609,0.2
610,612,0.2
610,617,0.2
610,614,0.2
610,543,0.2
617,610,0.2
617,612,0.2
617,609,0.2
617,616,0.2
617,611,0.2
614,607,0.2
614,609,0.2
614,610,0.2
614,617,0.2
614,612,0.2
686,685,0.2
686,687,0.2
686,688,0.2
686,680,0.2
686,689,0.2
687,689,0.2
687,693,0.2
687,686,0.2
687,692,0.2
687,691,0.2
691,690,0.2
691,692,0.2
691,755,0.2
691,689,0.2
691,753,0.2
692,691,0.2
692,690,0.2
692,689,0.2
692,753,0.2
692,693,0.2
689,693,0.2
689,687,0.2
689,692,0.2
689,691,0.2
689,694,0.2
754,784,0.2
754,755,0.2
754,787,0.2
754,786,0.2
754,753,0.2
755,754,0.2
755,753,0.2
755,784,0.2
755,750,0.2
755,691,0.2
753,750,0.2
753,696,0.2
753,755,0.2
753,752,0.2
753,695,0.2
696,750,0.2
696,695,0.2
696,753,0.2
696,694,0.2
696,752,0.2
695,694,0.2
695,696,0.2
695,621,0.2
695,750,0.2
695,752,0.2
750,696,0.2
750,753,0.2
750,752,0.2
750,695,0.2
750,755,0.2
752,750,0.2
752,751,0.2
752,696,0.2
752,623,0.2
752,753,0.2
751,623,0.2
751,756,0.2
751,758,0.2
751,761,0.2
751,752,0.2
623,758,0.2
623,751,0.2
623,761,0.2
623,624,0.2
623,756,0.2
756,761,0.2
756,758,0.2
756,751,0.2
756,623,0.2
756,757,0.2
757,785,0.2
757,799,0.2
757,756,0.2
757,761,0.2
757,758,0.2
693,689,0.2
693,694,0.2
693,687,0.2
693,695,0.2
693,692,0.2
694,695,0.2
694,621,0.2
694,696,0.2
694,693,0.2
694,750,0.2
621,694,0.2
621,695,0.2
621,620,0.2
621,696,0.2
621,618,0.2
620,618,0.2
620,621,0.2
620,501,0.2
620,619,0.2
620,694,0.2
501,618,0.2
501,620,0.2
501,502,0.2
501,619,0.2
501,570,0.2
618,501,0.2
618,620,0.2
618,619,0.2
618,622,0.2
618,502,0.2
619,622,0.2
619,618,0.2
619,626,0.2
619,568,0.2
619,570,0.2
622,619,0.2
622,626,0.2
622,625,0.2
622,568,0.2
622,618,0.2
625,622,0.2
625,624,0.2
625,626,0.2
625,619,0.2
625,697,0.2
624,625,0.2
624,623,0.2
624,758,0.2
624,751,0.2
624,761,0.2
568,570,0.2
568,567,0.2
568,626,0.2
568,571,0.2
568,619,0.2
540,545,0.2
540,611,0.2
540,546,0.2
540,544,0.2
540,538,0.2
545,548,0.2
545,546,0.2
545,550,0.2
545,549,0.2
545,547,0.2
550,548,0.2
550,549,0.2
550,545,0.2
550,546,0.2
550,547,0.2
548,550,0.2
548,545,0.2
548,549,0.2
548,546,0.2
548,547,0.2
549,550,0.2
549,548,0.2
549,547,0.2
549,546,0.2
549,478,0.2
546,545,0.2
546,547,0.2
546,548,0.2
546,544,0.2
546,549,0.2
547,546,0.2
547,549,0.2
547,544,0.2
547,548,0.2
547,478,0.2
478,549,0.2
478,547,0.2
478,550,0.2
478,548,0.2
478,546,0.2
544,546,0.2
544,613,0.2
544,547,0.2
544,545,0.2
544,549,0.2
611,616,0.2
611,613,0.2
611,540,0.2
611,544,0.2
611,612,0.2
613,544,0.2
613,616,0.2
613,611,0.2
613,547,0.2
613,546,0.2
616,613,0.2
616,611,0.2
616,554,0.2
616,617,0.2
616,544,0.2
554,616,0.2
554,613,0.2
554,555,0.2
554,544,0.2
554,611,0.2
474,480,0.2
474,479,0.2
474,473,0.2
474,472,0.2
474,477,0.2
473,478,0.2
473,550,0.2
473,479,0.2
473,549,0.2
473,548,0.2
480,474,0.2
480,472,0.2
480,479,0.2
480,477,0.2
480,473,0.2
479,473,0.2
479,478,0.2
479,474,0.2
479,549,0.2
479,480,0.2
555,553,0.2
555,554,0.2
555,557,0.2
555,484,0.2
555,616,0.2
551,552,0.2
551,562,0.2
551,556,0.2
551,482,0.2
551,558,0.2
552,562,0.2
552,482,0.2
552,551,0.2
552,558,0.2
552,556,0.2
553,484,0.2
553,557,0.2
553,559,0.2
553,555,0.2
553,485,0.2
562,552,0.2
562,482,0.2
562,558,0.2
562,556,0.2
562,561,0.2
556,558,0.2
556,561,0.2
556,557,0.2
556,562,0.2
556,560,0.2
557,559,0.2
557,484,0.2
557,560,0.2
557,553,0.2
557,561,0.2
484,559,0.2
484,485,0.2
484,557,0.2
484,553,0.2
484,560,0.2
558,556,0.2
558,561,0.2
558,562,0.2
558,560,0.2
558,557,0.2
559,484,0.2
559,557,0.2
559,560,0.2
559,485,0.2
559,553,0.2
482,562,0.2
482,481,0.2
482,552,0.2
482,558,0.2
482,483,0.2
560,561,0.2
560,559,0.2
560,557,0.2
560,484,0.2
560,485,0.2
561,560,0.2
561,558,0.2
561,556,0.2
561,557,0.2
561,559,0.2
485,484,0.2
485,486,0.2
485,559,0.2
485,560,0.2
485,487,0.2
472,477,0.2
472,475,0.2
472,476,0.2
472,468,0.2
472,445,0.2
475,476,0.2
475,445,0.2
475,472,0.2
475,468,0.2
475,436,0.2
445,475,0.2
445,476,0.2
445,436,0.2
445,444,0.2
445,468,0.2
346,351,0.2
346,446,0.2
346,444,0.2
346,347,0.2
346,435,0.2
444,446,0.2
444,435,0.2
444,445,0.2
444,436,0.2
444,346,0.2
476,475,0.2
476,445,0.2
476,436,0.2
476,477,0.2
476,472,0.2
446,435,0.2
446,444,0.2
446,351,0.2
446,346,0.2
446,437,0.2
477,472,0.2
477,476,0.2
477,475,0.2
477,436,0.2
477,445,0.2
436,476,0.2
436,445,0.2
436,475,0.2
436,435,0.2
436,444,0.2
435,446,0.2
435,444,0.2
435,437,0.2
435,436,0.2
435,351,0.2
351,346,0.2
351,446,0.2
351,437,0.2
351,435,0.2
351,444,0.2
437,435,0.2
437,351,0.2
437,446,0.2
437,438,0.2
437,444,0.2
438,440,0.2
438,437,0.2
438,435,0.2
438,351,0.2
438,446,0.2
440,438,0.2
440,439,0.2
440,443,0.2
440,442,0.2
440,437,0.2
439,443,0.2
439,442,0.2
439,440,0.2
439,441,0.2
439,491,0.2
486,487,0.2
486,485,0.2
486,488,0.2
486,484,0.2
486,559,0.2
481,483,0.2
481,490,0.2
481,482,0.2
481,562,0.2
481,489,0.2
487,486,0.2
487,488,0.2
487,485,0.2
487,560,0.2
487,559,0.2
488,487,0.2
488,486,0.2
488,489,0.2
488,560,0.2
488,485,0.2
489,488,0.2
489,483,0.2
489,561,0.2
489,560,0.2
489,558,0.2
483,481,0.2
483,489,0.2
483,490,0.2
483,482,0.2
483,558,0.2
500,504,0.2
500,498,0.2
500,503,0.2
500,505,0.2
500,506,0.2
503,500,0.2
503,502,0.2
503,504,0.2
503,572,0.2
503,565,0.2
502,501,0.2
502,503,0.2
502,618,0.2
502,571,0.2
502,570,0.2
504,498,0.2
504,500,0.2
504,505,0.2
504,506,0.2
504,499,0.2
505,506,0.2
505,508,0.2
505,504,0.2
505,563,0.2
505,565,0.2
571,570,0.2
571,572,0.2
571,568,0.2
571,567,0.2
571,565,0.2
572,565,0.2
572,571,0.2
572,564,0.2
572,563,0.2
572,570,0.2
565,563,0.2
565,564,0.2
565,506,0.2
565,572,0.2
565,508,0.2
506,563,0.2
506,508,0.2
506,505,0.2
506,565,0.2
506,564,0.2
570,568,0.2
570,571,0.2
570,567,0.2
570,619,0.2
570,626,0.2
563,565,0.2
563,564,0.2
563,506,0.2
563,508,0.2
563,505,0.2
443,442,0.2
443,439,0.2
443,441,0.2
443,492,0.2
443,491,0.2
442,443,0.2
442,441,0.2
442,439,0.2
442,492,0.2
442,491,0.2
441,442,0.2
441,491,0.2
441,492,0.2
441,443,0.2
441,439,0.2
490,481,0.2
490,483,0.2
490,491,0.2
490,482,0.2
490,441,0.2
491,441,0.2
491,492,0.2
491,442,0.2
491,490,0.2
491,443,0.2
492,441,0.2
492,491,0.2
492,493,0.2
492,442,0.2
492,443,0.2
493,499,0.2
493,368,0.2
493,492,0.2
493,494,0.2
493,491,0.2
498,504,0.2
498,499,0.2
498,500,0.2
498,505,0.2
498,493,0.2
499,493,0.2
499,494,0.2
499,368,0.2
499,498,0.2
499,492,0.2
369,368,0.2
369,370,0.2
369,494,0.2
369,493,0.2
369,367,0.2
368,494,0.2
368,493,0.2
368,369,0.2
368,499,0.2
368,495,0.2
494,499,0.2
494,368,0.2
494,493,0.2
494,495,0.2
494,369,0.2
495,497,0.2
495,494,0.2
495,499,0.2
495,368,0.2
495,493,0.2
758,761,0.2
758,623,0.2
758,756,0.2
758,760,0.2
758,751,0.2
761,758,0.2
761,756,0.2
761,623,0.2
761,763,0.2
761,760,0.2
760,763,0.2
760,758,0.2
760,761,0.2
760,759,0.2
760,762,0.2
763,760,0.2
763,761,0.2
763,758,0.2
763,762,0.2
763,759,0.2
697,702,0.2
697,700,0.2
697,701,0.2
697,703,0.2
697,625,0.2
759,762,0.2
759,767,0.2
759,703,0.2
759,760,0.2
759,763,0.2
762,759,0.2
762,767,0.2
762,763,0.2
762,703,0.2
762,760,0.2
702,700,0.2
702,697,0.2
702,703,0.2
702,701,0.2
702,759,0.2
703,759,0.2
703,767,0.2
703,768,0.2
703,762,0.2
703,702,0.2
767,762,0.2
767,759,0.2
767,764,0.2
767,768,0.2
767,703,0.2
700,701,0.2
700,702,0.2
700,697,0.2
700,630,0.2
700,698,0.2
764,768,0.2
764,767,0.2
764,762,0.2
764,703,0.2
764,759,0.2
768,764,0.2
768,767,0.2
768,703,0.2
768,759,0.2
768,762,0.2
765,769,0.2
765,766,0.2
765,770,0.2
765,764,0.2
765,768,0.2
769,765,0.2
769,770,0.2
769,766,0.2
769,713,0.2
769,768,0.2
766,770,0.2
766,713,0.2
766,773,0.2
766,765,0.2
766,769,0.2
770,766,0.2
770,713,0.2
770,773,0.2
770,769,0.2
770,707,0.2
626,622,0.2
626,567,0.2
626,568,0.2
626,619,0.2
626,627,0.2
567,568,0.2
567,566,0.2
567,626,0.2
567,570,0.2
567,627,0.2
566,627,0.2
566,569,0.2
566,567,0.2
566,576,0.2
566,626,0.2
627,566,0.2
627,569,0.2
627,567,0.2
627,628,0.2
627,626,0.2
569,576,0.2
569,578,0.2
569,628,0.2
569,566,0.2
569,579,0.2
628,629,0.2
628,569,0.2
628,578,0.2
628,631,0.2
628,576,0.2
576,578,0.2
576,579,0.2
576,569,0.2
576,577,0.2
576,575,0.2
701,630,0.2
701,700,0.2
701,698,0.2
701,702,0.2
701,629,0.2
578,576,0.2
578,579,0.2
578,569,0.2
578,628,0.2
578,577,0.2
630,701,0.2
630,698,0.2
630,629,0.2
630,700,0.2
630,631,0.2
629,631,0.2
629,628,0.2
629,630,0.2
629,632,0.2
629,578,0.2
579,578,0.2
579,576,0.2
579,577,0.2
579,575,0.2
579,631,0.2
631,629,0.2
631,632,0.2
631,628,0.2
631,579,0.2
631,578,0.2
698,630,0.2
698,701,0.2
698,699,0.2
698,629,0.2
698,638,0.2
632,634,0.2
632,635,0.2
632,631,0.2
632,633,0.2
632,636,0.2
699,638,0.2
699,714,0.2
699,698,0.2
699,650,0.2
699,634,0.2
634,633,0.2
634,635,0.2
634,636,0.2
634,632,0.2
634,638,0.2
773,766,0.2
773,770,0.2
773,707,0.2
773,713,0.2
773,775,0.2
774,806,0.2
774,775,0.2
774,803,0.2
774,776,0.2
774,773,0.2
775,771,0.2
775,777,0.2
775,776,0.2
775,778,0.2
775,774,0.2
771,777,0.2
771,709,0.2
771,772,0.2
771,775,0.2
771,707,0.2
776,805,0.2
776,778,0.2
776,807,0.2
776,806,0.2
776,775,0.2
777,771,0.2
777,772,0.2
777,775,0.2
777,780,0.2
777,778,0.2
778,776,0.2
778,805,0.2
778,807,0.2
778,777,0.2
778,775,0.2
772,777,0.2
772,779,0.2
772,709,0.2
772,780,0.2
772,771,0.2
780,782,0.2
780,779,0.2
780,772,0.2
780,777,0.2
780,783,0.2
779,782,0.2
779,719,0.2
779,772,0.2
779,780,0.2
779,721,0.2
781,783,0.2
781,808,0.2
781,817,0.2
781,807,0.2
781,780,0.2
712,704,0.2
712,713,0.2
712,770,0.2
712,706,0.2
712,714,0.2
713,770,0.2
713,766,0.2
713,712,0.2
713,707,0.2
713,773,0.2
704,712,0.2
704,649,0.2
704,705,0.2
704,714,0.2
704,706,0.2
707,709,0.2
707,771,0.2
707,713,0.2
707,773,0.2
707,708,0.2
706,705,0.2
706,708,0.2
706,710,0.2
706,704,0.2
706,649,0.2
705,706,0.2
705,710,0.2
705,708,0.2
705,649,0.2
705,704,0.2
708,706,0.2
708,705,0.2
708,710,0.2
708,720,0.2
708,709,0.2
709,772,0.2
709,771,0.2
709,707,0.2
709,721,0.2
709,777,0.2
710,711,0.2
710,705,0.2
710,708,0.2
710,720,0.2
710,706,0.2
721,719,0.2
721,709,0.2
721,779,0.2
721,772,0.2
721,718,0.2
711,720,0.2
711,723,0.2
711,710,0.2
711,718,0.2
711,722,0.2
720,718,0.2
720,711,0.2
720,723,0.2
720,710,0.2
720,708,0.2
782,779,0.2
782,780,0.2
782,783,0.2
782,719,0.2
782,772,0.2
719,779,0.2
719,721,0.2
719,782,0.2
719,718,0.2
719,772,0.2
783,781,0.2
783,817,0.2
783,808,0.2
783,782,0.2
783,780,0.2
718,720,0.2
718,723,0.2
718,711,0.2
718,722,0.2
718,715,0.2
723,722,0.2
723,711,0.2
723,718,0.2
723,720,0.2
723,644,0.2
722,723,0.2
722,644,0.2
722,715,0.2
722,718,0.2
722,711,0.2
715,722,0.2
715,723,0.2
715,718,0.2
715,644,0.2
715,720,0.2
717,719,0.2
717,782,0.2
717,715,0.2
717,716,0.2
717,779,0.2
716,818,0.2
716,816,0.2
716,817,0.2
716,783,0.2
716,812,0.2
656,812,0.2
656,816,0.2
656,716,0.2
656,813,0.2
656,657,0.2
657,717,0.2
657,658,0.2
657,656,0.2
657,715,0.2
657,716,0.2
658,659,0.2
658,657,0.2
658,715,0.2
658,644,0.2
658,722,0.2
635,636,0.2
635,634,0.2
635,633,0.2
635,632,0.2
635,637,0.2
637,635,0.2
637,636,0.2
637,588,0.2
637,634,0.2
637,633,0.2
638,633,0.2
638,699,0.2
638,634,0.2
638,651,0.2
638,650,0.2
714,704,0.2
714,699,0.2
714,649,0.2
714,712,0.2
714,650,0.2
633,634,0.2
633,636,0.2
633,635,0.2
633,639,0.2
633,638,0.2
636,635,0.2
636,633,0.2
636,634,0.2
636,639,0.2
636,637,0.2
650,651,0.2
650,638,0.2
650,652,0.2
650,649,0.2
650,714,0.2
649,704,0.2
649,705,0.2
649,714,0.2
649,706,0.2
649,650,0.2
639,636,0.2
639,633,0.2
639,652,0.2
639,651,0.2
639,640,0.2
651,652,0.2
651,650,0.2
651,639,0.2
651,638,0.2
651,633,0.2
652,651,0.2
652,648,0.2
652,640,0.2
652,639,0.2
652,650,0.2
640,648,0.2
640,642,0.2
640,652,0.2
640,654,0.2
640,639,0.2
641,642,0.2
641,640,0.2
641,654,0.2
641,639,0.2
641,648,0.2
648,640,0.2
648,654,0.2
648,652,0.2
648,642,0.2
648,639,0.2
642,640,0.2
642,654,0.2
642,648,0.2
642,652,0.2
642,641,0.2
654,648,0.2
654,642,0.2
654,640,0.2
654,653,0.2
654,652,0.2
653,643,0.2
653,654,0.2
653,646,0.2
653,642,0.2
653,648,0.2
643,653,0.2
643,646,0.2
643,645,0.2
643,654,0.2
643,647,0.2
645,644,0.2
645,643,0.2
645,722,0.2
645,653,0.2
645,646,0.2
644,722,0.2
644,723,0.2
644,645,0.2
644,715,0.2
644,711,0.2
646,643,0.2
646,653,0.2
646,647,0.2
646,523,0.2
646,655,0.2
647,523,0.2
647,655,0.2
647,646,0.2
647,643,0.2
647,653,0.2
659,658,0.2
659,655,0.2
659,644,0.2
659,645,0.2
659,722,0.2
655,647,0.2
655,523,0.2
655,659,0.2
655,646,0.2
655,643,0.2
523,647,0.2
523,524,0.2
523,655,0.2
523,646,0.2
523,643,0.2
508,506,0.2
508,563,0.2
508,507,0.2
508,505,0.2
508,564,0.2
564,563,0.2
564,565,0.2
564,506,0.2
564,508,0.2
564,572,0.2
507,509,0.2
507,508,0.2
507,511,0.2
507,564,0.2
507,563,0.2
511,509,0.2
511,513,0.2
511,507,0.2
511,515,0.2
511,514,0.2
515,582,0.2
515,511,0.2
515,513,0.2
515,580,0.2
515,583,0.2
575,577,0.2
575,573,0.2
575,583,0.2
575,576,0.2
575,579,0.2
583,573,0.2
583,582,0.2
583,575,0.2
583,580,0.2
583,574,0.2
582,580,0.2
582,583,0.2
582,515,0.2
582,573,0.2
582,581,0.2
577,575,0.2
577,579,0.2
577,573,0.2
577,576,0.2
577,578,0.2
573,583,0.2
573,574,0.2
573,575,0.2
573,577,0.2
573,587,0.2
580,582,0.2
580,581,0.2
580,583,0.2
580,573,0.2
580,515,0.2
574,587,0.2
574,584,0.2
574,573,0.2
574,581,0.2
574,585,0.2
587,584,0.2
587,586,0.2
587,574,0.2
587,588,0.2
587,585,0.2
581,585,0.2
581,584,0.2
581,574,0.2
581,580,0.2
581,519,0.2
584,585,0.2
584,587,0.2
584,574,0.2
584,586,0.2
584,581,0.2
588,586,0.2
588,587,0.2
588,637,0.2
588,584,0.2
588,574,0.2
586,588,0.2
586,587,0.2
586,584,0.2
586,585,0.2
586,574,0.2
585,584,0.2
585,581,0.2
585,519,0.2
585,587,0.2
585,574,0.2
497,496,0.2
497,495,0.2
497,510,0.2
497,378,0.2
497,512,0.2
496,512,0.2
496,510,0.2
496,378,0.2
496,497,0.2
496,514,0.2
509,511,0.2
509,507,0.2
509,513,0.2
509,510,0.2
509,514,0.2
510,514,0.2
510,512,0.2
510,496,0.2
510,509,0.2
510,378,0.2
379,453,0.2
379,378,0.2
379,380,0.2
379,454,0.2
379,382,0.2
378,512,0.2
378,454,0.2
378,496,0.2
378,510,0.2
378,379,0.2
512,510,0.2
512,514,0.2
512,378,0.2
512,454,0.2
512,496,0.2
514,510,0.2
514,512,0.2
514,513,0.2
514,454,0.2
514,496,0.2
454,378,0.2
454,512,0.2
454,514,0.2
454,453,0.2
454,496,0.2
513,511,0.2
513,509,0.2
513,514,0.2
513,515,0.2
513,510,0.2
453,379,0.2
453,447,0.2
453,454,0.2
453,382,0.2
453,378,0.2
519,585,0.2
519,520,0.2
519,581,0.2
519,584,0.2
519,586,0.2
520,521,0.2
520,519,0.2
520,585,0.2
520,518,0.2
520,581,0.2
521,520,0.2
521,518,0.2
521,519,0.2
521,458,0.2
521,516,0.2
524,525,0.2
524,523,0.2
524,647,0.2
524,646,0.2
524,526,0.2
525,526,0.2
525,524,0.2
525,527,0.2
525,523,0.2
525,522,0.2
526,527,0.2
526,525,0.2
526,522,0.2
526,517,0.2
526,524,0.2
527,522,0.2
527,526,0.2
527,517,0.2
527,463,0.2
527,525,0.2
518,458,0.2
518,516,0.2
518,521,0.2
518,459,0.2
518,520,0.2
457,455,0.2
457,461,0.2
457,460,0.2
457,450,0.2
457,459,0.2
458,516,0.2
458,459,0.2
458,518,0.2
458,460,0.2
458,521,0.2
460,459,0.2
460,457,0.2
460,458,0.2
460,455,0.2
460,516,0.2
459,458,0.2
459,460,0.2
459,516,0.2
459,518,0.2
459,457,0.2
516,458,0.2
516,518,0.2
516,459,0.2
516,517,0.2
516,521,0.2
517,522,0.2
517,463,0.2
517,527,0.2
517,516,0.2
517,464,0.2
522,527,0.2
522,517,0.2
522,463,0.2
522,526,0.2
522,516,0.2
463,517,0.2
463,522,0.2
463,464,0.2
463,527,0.2
463,516,0.2
464,462,0.2
464,463,0.2
464,456,0.2
464,517,0.2
464,522,0.2
462,456,0.2
462,464,0.2
462,392,0.2
462,455,0.2
462,463,0.2
345,348,0.2
345,350,0.2
345,349,0.2
345,358,0.2
345,353,0.2
348,349,0.2
348,345,0.2
348,353,0.2
348,358,0.2
348,231,0.2
231,224,0.2
231,348,0.2
231,349,0.2
231,353,0.2
231,358,0.2
347,352,0.2
347,346,0.2
347,345,0.2
347,351,0.2
347,350,0.2
232,223,0.2
232,231,0.2
232,230,0.2
232,224,0.2
232,225,0.2
349,348,0.2
349,353,0.2
349,350,0.2
349,345,0.2
349,231,0.2
352,347,0.2
352,351,0.2
352,350,0.2
352,346,0.2
352,345,0.2
350,353,0.2
350,345,0.2
350,349,0.2
350,348,0.2
350,354,0.2
353,349,0.2
353,350,0.2
353,348,0.2
353,354,0.2
353,224,0.2
224,231,0.2
224,353,0.2
224,349,0.2
224,354,0.2
224,348,0.2
354,353,0.2
354,224,0.2
354,350,0.2
354,349,0.2
354,355,0.2
355,357,0.2
355,354,0.2
355,353,0.2
355,224,0.2
355,350,0.2
357,355,0.2
357,356,0.2
357,242,0.2
357,243,0.2
357,354,0.2
356,242,0.2
356,357,0.2
356,362,0.2
356,243,0.2
356,355,0.2
212,237,0.2
212,140,0.2
212,218,0.2
212,238,0.2
212,233,0.2
230,229,0.2
230,233,0.2
230,218,0.2
230,237,0.2
230,236,0.2
237,233,0.2
237,238,0.2
237,236,0.2
237,212,0.2
237,140,0.2
140,238,0.2
140,143,0.2
140,212,0.2
140,237,0.2
140,139,0.2
139,141,0.2
139,142,0.2
139,140,0.2
139,143,0.2
139,83,0.2
233,237,0.2
233,236,0.2
233,229,0.2
233,238,0.2
233,230,0.2
238,237,0.2
238,236,0.2
238,140,0.2
238,143,0.2
238,233,0.2
229,230,0.2
229,233,0.2
229,225,0.2
229,234,0.2
229,236,0.2
142,141,0.2
142,139,0.2
142,143,0.2
142,140,0.2
142,86,0.2
236,238,0.2
236,233,0.2
236,237,0.2
236,234,0.2
236,239,0.2
143,238,0.2
143,140,0.2
143,239,0.2
143,236,0.2
143,142,0.2
223,232,0.2
223,225,0.2
223,229,0.2
223,230,0.2
223,224,0.2
225,229,0.2
225,223,0.2
225,234,0.2
225,226,0.2
225,230,0.2
239,143,0.2
239,236,0.2
239,234,0.2
239,238,0.2
239,233,0.2
234,236,0.2
234,239,0.2
234,229,0.2
234,233,0.2
234,225,0.2
226,228,0.2
226,227,0.2
226,235,0.2
226,225,0.2
226,246,0.2
240,252,0.2
240,247,0.2
240,144,0.2
240,235,0.2
240,246,0.2
235,246,0.2
235,247,0.2
235,227,0.2
235,240,0.2
235,252,0.2
228,227,0.2
228,226,0.2
228,246,0.2
228,235,0.2
228,241,0.2
144,252,0.2
144,240,0.2
144,248,0.2
144,247,0.2
144,246,0.2
246,247,0.2
246,227,0.2
246,235,0.2
246,241,0.2
246,252,0.2
247,246,0.2
247,252,0.2
247,240,0.2
247,235,0.2
247,248,0.2
252,247,0.2
252,144,0.2
252,240,0.2
252,248,0.2
252,246,0.2
227,246,0.2
227,228,0.2
227,241,0.2
227,235,0.2
227,247,0.2
248,252,0.2
248,247,0.2
248,241,0.2
248,144,0.2
248,246,0.2
241,246,0.2
241,248,0.2
241,227,0.2
241,247,0.2
241,245,0.2
245,244,0.2
245,251,0.2
245,241,0.2
245,248,0.2
245,227,0.2
251,245,0.2
251,250,0.2
251,248,0.2
251,244,0.2
251,241,0.2
244,245,0.2
244,243,0.2
244,251,0.2
244,241,0.2
244,250,0.2
243,244,0.2
243,242,0.2
243,245,0.2
243,356,0.2
243,362,0.2
242,356,0.2
242,362,0.2
242,243,0.2
242,357,0.2
242,244,0.2
362,242,0.2
362,356,0.2
362,363,0.2
362,243,0.2
362,367,0.2
363,367,0.2
363,260,0.2
363,364,0.2
363,362,0.2
363,370,0.2
260,364,0.2
260,363,0.2
260,367,0.2
260,261,0.2
260,365,0.2
367,364,0.2
367,363,0.2
367,370,0.2
367,260,0.2
367,365,0.2
370,367,0.2
370,369,0.2
370,364,0.2
370,363,0.2
370,368,0.2
364,367,0.2
364,260,0.2
364,365,0.2
364,363,0.2
364,370,0.2
365,366,0.2
365,364,0.2
365,254,0.2
365,367,0.2
365,260,0.2
366,254,0.2
366,365,0.2
366,371,0.2
366,256,0.2
366,381,0.2
250,249,0.2
250,251,0.2
250,245,0.2
250,244,0.2
250,97,0.2
249,97,0.2
249,262,0.2
249,259,0.2
249,250,0.2
249,98,0.2
97,262,0.2
97,249,0.2
97,98,0.2
97,253,0.2
97,259,0.2
261,259,0.2
261,260,0.2
261,253,0.2
261,262,0.2
261,249,0.2
262,97,0.2
262,259,0.2
262,253,0.2
262,249,0.2
262,98,0.2
259,262,0.2
259,253,0.2
259,261,0.2
259,97,0.2
259,249,0.2
98,97,0.2
98,99,0.2
98,249,0.2
98,262,0.2
98,147,0.2
253,259,0.2
253,262,0.2
253,255,0.2
253,97,0.2
253,261,0.2
147,148,0.2
147,255,0.2
147,145,0.2
147,253,0.2
147,258,0.2
255,258,0.2
255,253,0.2
255,147,0.2
255,259,0.2
255,257,0.2
258,257,0.2
258,255,0.2
258,154,0.2
258,148,0.2
258,256,0.2
148,154,0.2
148,155,0.2
148,149,0.2
148,146,0.2
148,147,0.2
82,85,0.2
82,84,0.2
82,75,0.2
82,83,0.2
82,86,0.2
83,86,0.2
83,141,0.2
83,139,0.2
83,142,0.2
83,82,0.2
84,85,0.2
84,82,0.2
84,87,0.2
84,75,0.2
84,86,0.2
141,142,0.2
141,139,0.2
141,83,0.2
141,86,0.2
141,143,0.2
86,83,0.2
86,141,0.2
86,142,0.2
86,139,0.2
86,85,0.2
85,82,0.2
85,84,0.2
85,87,0.2
85,86,0.2
85,83,0.2
87,85,0.2
87,84,0.2
87,88,0.2
87,82,0.2
87,86,0.2
88,90,0.2
88,87,0.2
88,85,0.2
88,84,0.2
88,89,0.2
90,89,0.2
90,88,0.2
90,92,0.2
90,87,0.2
90,85,0.2
89,90,0.2
89,92,0.2
89,88,0.2
89,91,0.2
89,3,0.2
92,89,0.2
92,91,0.2
92,3,0.2
92,96,0.2
92,4,0.2
91,3,0.2
91,96,0.2
91,92,0.2
91,4,0.2
91,99,0.2
99,96,0.2
99,98,0.2
99,145,0.2
99,91,0.2
99,93,0.2
3,91,0.2
3,4,0.2
3,96,0.2
3,100,0.2
3,92,0.2
96,91,0.2
96,3,0.2
96,99,0.2
96,93,0.2
96,100,0.2
100,93,0.2
100,101,0.2
100,3,0.2
100,95,0.2
100,4,0.2
93,95,0.2
93,100,0.2
93,145,0.2
93,96,0.2
93,94,0.2
145,146,0.2
145,147,0.2
145,93,0.2
145,99,0.2
145,95,0.2
95,94,0.2
95,93,0.2
95,106,0.2
95,107,0.2
95,101,0.2
101,107,0.2
101,29,0.2
101,94,0.2
101,95,0.2
101,100,0.2
146,149,0.2
146,150,0.2
146,155,0.2
146,145,0.2
146,148,0.2
0,1,0.2
0,24,0.2
0,25,0.2
0,5,0.2
0,26,0.2
1,5,0.2
1,2,0.2
1,0,0.2
1,6,0.2
1,23,0.2
2,5,0.2
2,4,0.2
2,1,0.2
2,6,0.2
2,23,0.2
4,2,0.2
4,3,0.2
4,5,0.2
4,6,0.2
4,91,0.2
5,2,0.2
5,6,0.2
5,1,0.2
5,23,0.2
5,27,0.2
6,27,0.2
6,23,0.2
6,5,0.2
6,21,0.2
6,2,0.2
23,6,0.2
23,22,0.2
23,21,0.2
23,27,0.2
23,24,0.2
24,25,0.2
24,26,0.2
24,22,0.2
24,23,0.2
24,21,0.2
25,26,0.2
25,24,0.2
25,22,0.2
25,23,0.2
25,21,0.2
27,21,0.2
27,6,0.2
27,23,0.2
27,28,0.2
27,22,0.2
26,25,0.2
26,24,0.2
26,22,0.2
26,23,0.2
26,21,0.2
22,26,0.2
22,25,0.2
22,24,0.2
22,23,0.2
22,21,0.2
21,27,0.2
21,28,0.2
21,23,0.2
21,22,0.2
21,6,0.2
28,21,0.2
28,31,0.2
28,27,0.2
28,30,0.2
28,22,0.2
256,257,0.2
256,254,0.2
256,263,0.2
256,366,0.2
256,258,0.2
254,366,0.2
254,371,0.2
254,256,0.2
254,263,0.2
254,365,0.2
371,254,0.2
371,381,0.2
371,366,0.2
371,372,0.2
371,377,0.2
380,381,0.2
380,377,0.2
380,379,0.2
380,382,0.2
380,453,0.2
381,380,0.2
381,377,0.2
381,371,0.2
381,372,0.2
381,382,0.2
263,264,0.2
263,165,0.2
263,166,0.2
263,256,0.2
263,268,0.2
377,381,0.2
377,373,0.2
377,382,0.2
377,372,0.2
377,380,0.2
372,269,0.2
372,373,0.2
372,377,0.2
372,371,0.2
372,268,0.2
264,268,0.2
264,263,0.2
264,265,0.2
264,164,0.2
264,269,0.2
382,447,0.2
382,377,0.2
382,448,0.2
382,373,0.2
382,453,0.2
373,372,0.2
373,377,0.2
373,269,0.2
373,374,0.2
373,382,0.2
269,268,0.2
269,372,0.2
269,374,0.2
269,373,0.2
269,264,0.2
268,264,0.2
268,265,0.2
268,269,0.2
268,374,0.2
268,372,0.2
447,382,0.2
447,448,0.2
447,377,0.2
447,453,0.2
447,373,0.2
265,268,0.2
265,264,0.2
265,163,0.2
265,267,0.2
265,269,0.2
374,269,0.2
374,373,0.2
374,268,0.2
374,372,0.2
374,448,0.2
448,449,0.2
448,447,0.2
448,382,0.2
448,373,0.2
448,374,0.2
449,448,0.2
449,452,0.2
449,376,0.2
449,374,0.2
449,373,0.2
267,280,0.2
267,266,0.2
267,265,0.2
267,163,0.2
267,376,0.2
376,452,0.2
376,449,0.2
376,374,0.2
376,375,0.2
376,267,0.2
452,451,0.2
452,449,0.2
452,376,0.2
452,375,0.2
452,450,0.2
266,267,0.2
266,279,0.2
266,280,0.2
266,375,0.2
266,376,0.2
257,258,0.2
257,256,0.2
257,166,0.2
257,154,0.2
257,165,0.2
154,148,0.2
154,155,0.2
154,258,0.2
154,167,0.2
154,162,0.2
155,149,0.2
155,156,0.2
155,148,0.2
155,154,0.2
155,146,0.2
156,149,0.2
156,155,0.2
156,162,0.2
156,150,0.2
156,151,0.2
167,166,0.2
167,165,0.2
167,270,0.2
167,162,0.2
167,154,0.2
162,156,0.2
162,160,0.2
162,167,0.2
162,155,0.2
162,154,0.2
166,165,0.2
166,167,0.2
166,164,0.2
166,263,0.2
166,257,0.2
165,166,0.2
165,164,0.2
165,167,0.2
165,263,0.2
165,264,0.2
160,162,0.2
160,153,0.2
160,156,0.2
160,161,0.2
160,270,0.2
164,165,0.2
164,166,0.2
164,264,0.2
164,163,0.2
164,270,0.2
270,271,0.2
270,167,0.2
270,164,0.2
270,162,0.2
270,166,0.2
161,168,0.2
161,157,0.2
161,152,0.2
161,174,0.2
161,169,0.2
163,272,0.2
163,265,0.2
163,164,0.2
163,280,0.2
163,271,0.2
271,169,0.2
271,272,0.2
271,270,0.2
271,274,0.2
271,168,0.2
168,174,0.2
168,169,0.2
168,161,0.2
168,157,0.2
168,271,0.2
169,271,0.2
169,274,0.2
169,168,0.2
169,272,0.2
169,174,0.2
272,163,0.2
272,271,0.2
272,280,0.2
272,274,0.2
272,169,0.2
174,168,0.2
174,157,0.2
174,158,0.2
174,173,0.2
174,169,0.2
274,169,0.2
274,272,0.2
274,271,0.2
274,280,0.2
274,273,0.2
280,272,0.2
280,267,0.2
280,163,0.2
280,279,0.2
280,274,0.2
173,172,0.2
173,178,0.2
173,159,0.2
173,175,0.2
173,174,0.2
451,450,0.2
451,387,0.2
451,452,0.2
451,386,0.2
451,375,0.2
375,386,0.2
375,451,0.2
375,385,0.2
375,452,0.2
375,376,0.2
450,387,0.2
450,451,0.2
450,461,0.2
450,386,0.2
450,452,0.2
386,385,0.2
386,375,0.2
386,387,0.2
386,451,0.2
386,450,0.2
387,450,0.2
387,451,0.2
387,386,0.2
387,461,0.2
387,385,0.2
461,450,0.2
461,387,0.2
461,455,0.2
461,457,0.2
461,451,0.2
385,285,0.2
385,386,0.2
385,383,0.2
385,284,0.2
385,375,0.2
284,286,0.2
284,288,0.2
284,285,0.2
284,385,0.2
284,287,0.2
285,385,0.2
285,383,0.2
285,284,0.2
285,286,0.2
285,386,0.2
455,457,0.2
455,461,0.2
455,456,0.2
455,460,0.2
455,387,0.2
383,285,0.2
383,385,0.2
383,384,0.2
383,284,0.2
383,286,0.2
456,462,0.2
456,392,0.2
456,455,0.2
456,464,0.2
456,391,0.2
384,391,0.2
384,389,0.2
384,290,0.2
384,383,0.2
384,291,0.2
391,389,0.2
391,384,0.2
391,290,0.2
391,390,0.2
391,392,0.2
392,456,0.2
392,462,0.2
392,391,0.2
392,384,0.2
392,389,0.2
291,290,0.2
291,289,0.2
291,389,0.2
291,287,0.2
291,390,0.2
389,290,0.2
389,390,0.2
389,391,0.2
389,388,0.2
389,384,0.2
290,389,0.2
290,390,0.2
290,291,0.2
290,388,0.2
290,384,0.2
390,388,0.2
390,290,0.2
390,389,0.2
390,391,0.2
390,291,0.2
388,390,0.2
388,290,0.2
388,389,0.2
388,391,0.2
388,291,0.2
273,278,0.2
273,178,0.2
273,279,0.2
273,275,0.2
273,274,0.2
279,278,0.2
279,273,0.2
279,280,0.2
279,266,0.2
279,281,0.2
178,175,0.2
178,273,0.2
178,275,0.2
178,173,0.2
178,172,0.2
278,281,0.2
278,273,0.2
278,275,0.2
278,279,0.2
278,178,0.2
175,172,0.2
175,178,0.2
175,170,0.2
175,177,0.2
175,173,0.2
275,278,0.2
275,178,0.2
275,281,0.2
275,276,0.2
275,273,0.2
281,278,0.2
281,275,0.2
281,282,0.2
281,279,0.2
281,288,0.2
288,286,0.2
288,284,0.2
288,282,0.2
288,287,0.2
288,281,0.2
177,171,0.2
177,176,0.2
177,175,0.2
177,170,0.2
177,276,0.2
276,282,0.2
276,275,0.2
276,277,0.2
276,177,0.2
276,281,0.2
282,276,0.2
282,288,0.2
282,283,0.2
282,281,0.2
282,286,0.2
286,284,0.2
286,288,0.2
286,287,0.2
286,285,0.2
286,282,0.2
176,179,0.2
176,180,0.2
176,181,0.2
176,177,0.2
176,182,0.2
287,286,0.2
287,284,0.2
287,288,0.2
287,291,0.2
287,289,0.2
277,182,0.2
277,292,0.2
277,283,0.2
277,276,0.2
277,179,0.2
283,292,0.2
283,289,0.2
283,277,0.2
283,282,0.2
283,287,0.2
179,181,0.2
179,180,0.2
179,182,0.2
179,176,0.2
179,8,0.2
181,180,0.2
181,179,0.2
181,182,0.2
181,8,0.2
181,176,0.2
182,179,0.2
182,277,0.2
182,181,0.2
182,180,0.2
182,292,0.2
292,283,0.2
292,277,0.2
292,289,0.2
292,182,0.2
292,179,0.2
289,283,0.2
289,292,0.2
289,291,0.2
289,287,0.2
289,277,0.2
94,106,0.2
94,102,0.2
94,107,0.2
94,95,0.2
94,101,0.2
107,102,0.2
107,94,0.2
107,101,0.2
107,108,0.2
107,103,0.2
149,150,0.2
149,155,0.2
149,156,0.2
149,146,0.2
149,151,0.2
150,149,0.2
150,151,0.2
150,146,0.2
150,106,0.2
150,156,0.2
29,108,0.2
29,30,0.2
29,101,0.2
29,107,0.2
29,31,0.2
106,94,0.2
106,102,0.2
106,151,0.2
106,150,0.2
106,95,0.2
102,94,0.2
102,107,0.2
102,106,0.2
102,103,0.2
102,108,0.2
108,29,0.2
108,107,0.2
108,103,0.2
108,111,0.2
108,102,0.2
151,150,0.2
151,106,0.2
151,156,0.2
151,149,0.2
151,153,0.2
103,102,0.2
103,105,0.2
103,108,0.2
103,107,0.2
103,106,0.2
111,110,0.2
111,105,0.2
111,108,0.2
111,103,0.2
111,109,0.2
153,160,0.2
153,152,0.2
153,151,0.2
153,105,0.2
153,103,0.2
105,103,0.2
105,104,0.2
105,111,0.2
105,153,0.2
105,110,0.2
110,109,0.2
110,111,0.2
110,112,0.2
110,104,0.2
110,105,0.2
152,157,0.2
152,113,0.2
152,161,0.2
152,153,0.2
152,158,0.2
104,112,0.2
104,113,0.2
104,109,0.2
104,114,0.2
104,105,0.2
109,112,0.2
109,110,0.2
109,104,0.2
109,114,0.2
109,113,0.2
112,109,0.2
112,104,0.2
112,114,0.2
112,113,0.2
112,110,0.2
113,114,0.2
113,104,0.2
113,152,0.2
113,158,0.2
113,112,0.2
157,158,0.2
157,161,0.2
157,152,0.2
157,174,0.2
157,168,0.2
114,112,0.2
114,113,0.2
114,115,0.2
114,104,0.2
114,109,0.2
158,157,0.2
158,113,0.2
158,174,0.2
158,152,0.2
158,159,0.2
31,30,0.2
31,28,0.2
31,29,0.2
31,21,0.2
31,27,0.2
30,31,0.2
30,29,0.2
30,28,0.2
30,108,0.2
30,21,0.2
7,13,0.2
7,26,0.2
7,22,0.2
7,25,0.2
7,31,0.2
13,15,0.2
13,7,0.2
13,14,0.2
13,31,0.2
13,30,0.2
15,13,0.2
15,14,0.2
15,7,0.2
15,17,0.2
15,16,0.2
14,15,0.2
14,17,0.2
14,16,0.2
14,13,0.2
14,20,0.2
115,117,0.2
115,114,0.2
115,116,0.2
115,159,0.2
115,158,0.2
159,116,0.2
159,172,0.2
159,173,0.2
159,170,0.2
159,117,0.2
117,116,0.2
117,115,0.2
117,159,0.2
117,170,0.2
117,172,0.2
116,117,0.2
116,170,0.2
116,159,0.2
116,172,0.2
116,115,0.2
172,175,0.2
172,170,0.2
172,173,0.2
172,159,0.2
172,116,0.2
170,172,0.2
170,116,0.2
170,175,0.2
170,171,0.2
170,159,0.2
171,177,0.2
171,170,0.2
171,176,0.2
171,175,0.2
171,116,0.2
180,181,0.2
180,179,0.2
180,176,0.2
180,8,0.2
180,182,0.2
8,180,0.2
8,181,0.2
8,179,0.2
8,9,0.2
8,176,0.2
9,10,0.2
9,8,0.2
9,180,0.2
9,181,0.2
9,171,0.2
10,9,0.2
10,11,0.2
10,12,0.2
10,8,0.2
10,18,0.2
17,16,0.2
17,14,0.2
17,20,0.2
17,15,0.2
17,19,0.2
16,17,0.2
16,20,0.2
16,14,0.2
16,19,0.2
16,15,0.2
20,16,0.2
20,19,0.2
20,17,0.2
20,18,0.2
20,14,0.2
19,20,0.2
19,18,0.2
19,16,0.2
19,12,0.2
19,17,0.2
18,12,0.2
18,19,0.2
18,11,0.2
18,20,0.2
18,10,0.2
12,11,0.2
12,18,0.2
12,10,0.2
12,19,0.2
12,9,0.2
11,12,0.2
11,10,0.2
11,18,0.2
11,9,0.2
11,19,0.2
